town_id,literacy_rate,male_literacy,female_literacy,school_enrollment,dropout_rate,schools,colleges
1,83.51,94.48,92.51,96.27,1.97,93,41
2,82.13,78.33,46.61,63.04,1.5,18,44
3,56.2,95.05,84.17,85.3,15.31,148,17
4,64.0,88.5,93.2,92.14,17.53,191,3
5,52.41,87.16,81.87,82.49,5.27,57,4
6,76.73,83.14,91.1,74.41,2.05,126,27
7,97.31,79.4,44.47,62.56,18.92,32,1
8,51.14,63.9,61.3,92.7,17.74,41,21
9,76.72,77.59,66.5,78.62,16.38,65,28
10,91.34,90.73,76.68,85.63,18.69,122,8
11,82.32,85.66,46.15,72.56,16.55,35,46
12,74.88,70.29,51.45,82.55,16.38,171,0
13,80.4,72.91,77.09,95.42,1.44,69,7
14,79.55,63.7,77.53,93.07,16.93,80,34
15,53.06,67.33,44.0,61.35,10.32,87,26
16,94.3,94.68,88.91,97.96,14.96,199,48
17,92.43,78.12,79.5,69.21,12.54,190,24
18,89.49,66.82,81.24,78.18,1.7,70,18
19,66.05,64.94,72.04,69.82,2.04,28,2
20,88.26,67.89,53.37,95.83,7.23,180,29
21,77.94,68.75,92.58,73.16,4.74,27,13
22,51.17,70.2,43.12,89.16,9.48,8,33
23,97.87,87.17,93.83,60.55,9.59,101,21
24,84.42,77.13,42.14,98.92,5.79,167,32
25,61.48,83.65,76.48,80.27,1.02,155,37
26,92.92,69.69,59.56,94.1,11.89,137,25
27,97.94,97.65,94.65,76.71,8.97,61,24
28,85.81,91.63,50.48,73.13,1.53,176,38
29,93.41,94.24,59.4,96.94,12.01,128,1
30,79.87,84.87,72.57,83.57,14.69,105,39
31,88.49,63.55,82.84,77.15,2.22,6,27
32,52.7,72.97,58.73,99.5,14.88,121,18
33,55.26,93.09,89.08,76.75,5.38,133,9
34,85.07,64.88,80.76,77.73,9.92,119,37
35,79.1,61.67,75.63,84.78,3.0,153,8
36,68.04,84.31,73.83,69.13,5.83,165,44
37,66.79,63.46,48.88,83.03,15.68,189,43
38,81.11,78.47,50.28,60.62,6.56,150,15
39,77.71,72.91,65.53,74.17,3.67,13,17
40,66.49,70.17,88.11,62.14,6.63,72,24
41,85.89,69.14,87.6,93.61,1.08,71,49
42,94.1,74.21,57.27,63.01,6.22,39,18
43,96.48,88.9,45.8,73.96,17.7,75,41
44,93.1,79.54,63.27,80.67,7.24,148,17
45,61.07,98.59,83.91,60.59,5.59,20,36
46,93.43,86.12,56.81,74.67,13.51,184,29
47,83.96,89.74,44.24,65.1,11.8,108,29
48,79.26,98.28,92.09,71.23,17.97,28,3
49,90.03,82.14,40.02,62.88,16.73,152,36
50,74.31,92.07,76.71,75.03,19.4,192,28
51,63.49,70.97,92.09,79.49,19.41,127,38
52,73.77,71.56,93.82,78.44,11.66,90,41
53,60.08,85.51,60.64,65.58,9.71,80,1
54,55.22,80.29,86.97,96.55,9.82,45,33
55,73.06,85.31,89.45,68.37,11.16,81,17
56,81.87,63.55,71.81,90.46,7.85,140,37
57,61.08,64.36,58.32,71.74,2.93,153,9
58,55.64,73.49,52.87,71.87,9.91,14,1
59,66.29,70.41,73.81,67.08,12.5,46,25
60,92.51,79.97,67.69,77.69,7.65,196,16
61,58.72,91.86,55.95,83.64,19.68,163,31
62,80.03,78.07,82.95,94.94,7.73,145,11
63,77.43,81.05,77.97,94.62,10.59,154,49
64,69.96,81.31,52.77,98.36,4.32,120,8
65,78.29,80.42,81.88,95.38,6.62,95,31
66,65.61,90.66,91.42,77.61,4.87,178,30
67,96.61,90.89,44.24,79.77,12.59,70,22
68,62.48,72.56,45.29,93.63,15.76,159,28
69,70.4,97.58,54.6,77.09,1.32,48,13
70,51.0,63.51,57.03,91.25,10.42,105,43
71,71.27,63.9,57.2,98.74,6.25,183,35
72,73.34,81.15,65.37,94.84,10.04,47,12
73,79.88,84.66,70.59,68.75,5.24,174,36
74,81.29,86.59,69.49,68.21,6.5,8,32
75,57.18,90.22,66.02,97.5,3.66,41,41
76,71.64,66.79,74.67,89.69,12.29,80,8
77,66.67,69.71,58.73,69.01,10.09,28,41
78,54.04,71.3,57.05,80.02,17.71,8,3
79,67.99,97.1,50.46,79.72,5.13,121,24
80,96.04,80.94,53.4,93.66,12.4,104,23
81,69.16,72.49,93.14,92.07,3.28,151,43
82,85.64,91.41,57.47,73.66,18.51,63,22
83,56.83,80.3,79.4,85.68,9.76,40,15
84,92.0,82.97,88.47,67.27,16.97,23,46
85,82.8,76.49,40.51,73.04,1.39,100,16
86,79.35,88.41,57.3,79.09,1.97,199,26
87,71.1,76.18,93.04,70.72,5.96,130,2
88,64.36,85.4,90.21,81.03,13.23,192,27
89,64.23,60.13,54.89,81.32,14.93,78,7
90,90.99,81.83,92.41,66.29,5.84,93,10
91,65.09,77.34,59.6,76.66,5.83,115,45
92,66.79,78.13,85.39,92.6,17.6,5,26
93,57.92,92.51,93.82,80.31,4.98,61,27
94,74.41,89.27,53.03,83.25,5.15,197,38
95,56.28,69.59,41.68,73.11,5.55,93,21
96,88.29,84.87,80.6,76.63,12.18,132,18
97,87.03,78.94,78.01,91.07,8.27,136,47
98,59.18,62.52,66.39,92.89,6.55,31,8
99,92.64,74.33,79.45,72.46,6.65,80,37
100,61.54,94.28,76.29,63.96,13.05,31,37
101,55.4,61.77,74.11,92.74,16.89,152,9
102,51.75,73.52,54.93,62.31,5.17,162,11
103,55.48,75.42,50.15,95.98,15.4,171,27
104,63.51,71.24,55.79,87.73,17.54,183,10
105,50.92,91.76,59.11,71.33,3.26,172,36
106,72.78,89.05,43.95,66.18,16.2,128,1
107,59.06,91.83,87.84,70.27,12.45,172,29
108,61.37,88.86,81.99,99.81,2.66,103,7
109,73.47,80.49,56.33,90.93,19.01,53,1
110,63.91,74.69,93.76,88.13,13.71,156,44
111,86.19,79.4,47.07,62.46,13.76,190,23
112,74.32,61.01,47.87,86.35,7.79,120,30
113,69.7,80.76,61.15,79.24,13.53,50,18
114,76.65,86.74,82.04,66.2,4.25,193,3
115,68.23,73.49,60.59,92.18,1.63,171,23
116,56.83,84.29,89.91,66.94,12.51,158,25
117,61.76,79.11,71.58,96.76,3.96,150,7
118,83.23,93.8,79.98,80.43,10.16,179,18
119,52.49,88.66,42.82,84.39,5.66,116,8
120,86.89,93.29,65.68,86.52,11.12,90,21
121,56.05,73.1,59.27,84.84,8.3,184,20
122,88.96,66.46,85.45,65.83,6.08,193,6
123,69.7,85.18,71.86,95.78,15.3,60,8
124,64.44,75.63,66.08,92.72,7.88,147,12
125,86.38,87.07,67.47,80.21,13.25,104,13
126,82.22,77.09,78.72,63.39,8.01,124,5
127,52.11,92.68,86.37,63.32,16.38,30,29
128,88.85,77.75,76.2,91.34,5.12,66,22
129,70.06,64.96,43.23,63.14,7.28,146,3
130,63.22,73.3,89.42,91.38,3.63,135,19
131,68.57,77.5,51.01,94.62,11.3,72,24
132,60.27,73.75,59.59,67.65,12.85,47,44
133,82.89,76.67,72.29,70.9,6.2,88,33
134,64.42,95.21,64.49,87.91,14.17,44,21
135,58.29,70.95,84.45,66.42,2.51,68,18
136,82.95,60.57,68.81,72.02,13.24,76,13
137,89.45,94.3,87.96,79.44,18.08,134,29
138,78.95,97.34,83.63,81.02,7.5,164,10
139,50.08,96.94,55.98,66.07,11.38,107,8
140,63.54,78.38,66.61,71.15,13.83,195,1
141,90.51,79.13,59.95,89.99,2.58,165,9
142,84.84,92.22,92.28,66.86,6.12,108,19
143,83.7,85.51,79.9,80.64,13.15,19,4
144,74.61,91.32,59.44,81.89,7.32,135,8
145,74.54,71.26,79.53,82.67,3.83,189,34
146,63.39,62.41,77.35,85.86,7.28,149,11
147,66.46,74.1,70.96,72.89,1.5,138,42
148,90.05,80.89,57.88,67.4,13.94,195,27
149,96.99,65.11,93.76,83.38,9.2,92,45
150,58.91,75.1,60.8,88.76,2.23,37,4
151,75.3,90.98,94.45,79.04,10.35,8,46
152,73.12,67.51,60.87,78.83,14.95,158,23
153,68.26,66.4,72.52,68.81,11.69,92,26
154,71.1,88.36,87.6,79.09,14.83,175,31
155,60.38,73.88,78.45,86.12,18.53,172,14
156,79.22,76.1,40.63,67.01,16.63,45,43
157,53.95,96.36,64.49,73.49,5.25,74,2
158,53.76,86.12,67.15,89.03,10.01,123,24
159,83.48,70.16,83.91,81.1,1.74,177,11
160,55.21,78.02,94.56,89.18,9.64,85,14
161,73.06,86.59,76.97,97.98,4.78,123,22
162,91.28,76.81,88.18,75.6,3.5,107,41
163,96.48,77.77,41.29,83.18,18.16,19,46
164,57.23,64.96,81.32,68.88,13.57,48,1
165,94.68,91.25,87.9,89.15,10.08,180,49
166,70.15,73.79,57.85,89.57,5.74,178,48
167,55.55,66.57,93.32,61.63,12.96,35,41
168,81.78,85.12,79.79,90.9,10.17,6,3
169,86.17,62.33,59.92,75.45,16.29,34,32
170,66.61,84.52,81.88,69.86,19.06,173,26
171,73.53,64.52,83.75,86.76,10.77,42,2
172,87.73,77.24,90.03,95.07,16.34,62,2
173,68.98,88.18,87.75,99.57,10.54,133,35
174,58.49,67.7,83.43,96.89,8.41,17,25
175,77.78,97.77,90.32,97.28,18.68,7,32
176,62.18,73.42,79.84,70.22,14.21,160,23
177,79.63,81.16,49.23,68.18,11.53,79,38
178,80.31,89.54,65.34,61.91,16.18,37,46
179,55.82,68.25,54.99,78.61,15.89,158,21
180,78.22,81.55,51.22,70.72,2.14,164,41
181,56.94,76.48,65.44,72.19,7.45,13,28
182,70.77,81.41,87.17,96.18,13.76,124,2
183,65.07,66.22,69.0,83.39,1.99,169,42
184,70.24,64.73,51.48,75.5,9.7,92,49
185,69.84,68.88,45.1,73.59,9.79,64,21
186,76.34,91.96,53.19,63.36,8.48,75,33
187,64.5,61.39,82.28,99.48,4.7,154,14
188,89.43,82.67,48.96,92.64,17.45,115,24
189,78.1,62.37,50.22,78.25,6.53,140,44
190,57.19,96.25,85.94,90.01,7.43,87,8
191,64.42,76.26,52.26,82.84,5.49,42,29
192,67.25,86.43,53.83,86.78,14.2,46,40
193,83.88,71.35,44.76,73.7,16.27,119,11
194,62.74,79.24,61.31,87.47,6.97,120,45
195,89.89,73.17,46.93,65.39,3.89,97,15
196,81.73,71.83,88.25,61.5,19.78,24,30
197,63.87,98.89,66.75,60.3,6.62,46,15
198,59.53,68.06,85.12,90.18,10.34,20,2
199,64.06,84.79,44.49,94.86,11.88,60,1
200,81.71,96.08,67.74,72.56,16.88,96,15
201,77.67,60.1,59.29,87.1,19.02,151,0
202,87.65,78.99,91.28,78.75,11.91,123,37
203,76.48,69.49,78.51,66.85,17.84,87,21
204,60.71,76.43,53.23,92.96,3.77,175,6
205,65.04,83.2,89.12,73.1,10.98,85,43
206,63.78,80.56,48.66,84.42,6.36,43,20
207,83.39,94.27,74.68,97.11,14.92,126,3
208,70.64,63.69,71.96,66.07,9.21,184,28
209,94.32,61.57,40.52,85.47,2.7,141,35
210,70.74,67.38,57.67,97.65,16.28,183,16
211,68.38,78.48,60.27,81.85,1.8,77,5
212,81.12,69.36,57.29,61.48,3.51,42,22
213,77.31,94.86,55.52,84.57,5.26,95,45
214,91.84,70.82,63.66,69.8,17.4,95,41
215,76.03,91.23,91.41,67.87,13.71,195,27
216,92.48,61.5,85.28,75.5,1.76,87,44
217,50.35,70.16,42.11,61.24,1.91,142,36
218,81.0,68.2,73.04,93.99,2.29,110,0
219,93.02,77.89,58.21,76.9,10.91,193,46
220,53.63,61.88,48.09,81.29,16.83,168,12
221,61.45,85.99,45.39,90.77,7.79,90,2
222,74.56,85.5,84.32,87.43,3.56,127,28
223,68.01,60.73,83.46,66.99,10.29,56,34
224,58.89,81.76,84.49,74.27,6.2,105,7
225,50.5,77.92,68.12,63.82,4.07,131,17
226,66.38,84.76,80.7,69.02,13.39,145,15
227,86.35,66.02,63.0,92.8,2.12,23,40
228,97.82,69.45,72.52,88.92,3.09,126,9
229,77.03,61.47,80.63,73.24,13.85,190,19
230,83.96,77.57,40.77,71.18,3.34,121,12
231,58.47,81.4,55.55,79.19,4.07,51,31
232,84.37,78.32,62.61,93.0,14.37,12,30
233,57.32,84.68,49.28,85.15,10.92,140,31
234,69.27,63.81,62.82,81.28,16.97,88,6
235,62.08,73.3,68.75,92.59,4.55,79,32
236,93.06,98.97,73.94,62.82,7.3,158,46
237,84.87,91.42,70.76,70.86,1.47,88,26
238,72.31,64.51,58.79,80.87,15.46,73,26
239,97.99,73.99,89.17,89.44,7.3,180,11
240,76.8,90.98,65.49,72.0,2.6,145,4
241,96.16,86.45,43.91,80.38,4.94,160,35
242,71.2,76.06,52.77,84.54,11.68,76,8
243,73.25,67.49,64.54,90.69,6.63,66,20
244,81.76,73.79,64.89,90.56,6.35,139,27
245,81.57,62.11,73.25,75.25,16.46,102,28
246,86.71,74.82,75.51,86.17,18.58,46,18
247,84.85,91.28,77.81,71.21,19.86,29,28
248,60.33,75.56,74.45,71.17,19.54,82,9
249,90.28,89.87,64.92,99.16,6.71,110,38
250,88.42,79.34,90.5,73.73,12.29,73,46
251,77.72,96.1,87.92,86.41,16.83,190,2
252,65.92,66.77,45.37,99.52,16.96,74,48
253,64.21,65.73,93.69,62.42,16.75,29,20
254,54.12,76.18,77.12,90.56,7.05,148,17
255,86.78,81.92,77.29,84.63,19.14,135,40
256,97.1,90.47,77.8,73.2,3.25,55,24
257,56.72,71.83,51.24,99.56,17.31,137,19
258,87.23,97.62,56.48,80.97,4.86,66,22
259,94.06,96.59,60.34,94.77,2.39,40,17
260,81.18,92.27,62.12,66.62,14.48,50,29
261,94.24,70.69,61.78,83.86,16.74,71,30
262,58.46,85.75,82.45,61.73,14.16,88,38
263,85.92,82.54,54.93,92.43,10.28,104,3
264,53.7,72.79,89.3,63.46,2.78,64,22
265,56.76,68.12,79.46,65.54,3.5,85,38
266,77.89,93.87,66.83,94.24,12.14,137,19
267,92.7,79.46,46.23,89.83,1.24,184,36
268,60.09,90.98,65.97,77.17,18.88,179,48
269,85.34,88.26,63.44,92.62,15.62,119,40
270,61.0,73.5,82.92,75.27,3.19,114,1
271,68.32,80.01,78.66,68.08,4.15,35,8
272,91.29,98.11,41.64,63.91,3.83,25,8
273,68.83,76.39,91.11,66.14,9.97,17,4
274,61.63,72.66,43.88,82.74,6.14,118,0
275,71.39,73.64,84.23,65.83,18.85,191,42
276,76.15,77.34,84.94,85.86,3.41,139,30
277,52.09,93.17,76.86,77.24,15.99,93,36
278,85.71,89.54,94.5,74.61,16.9,49,29
279,54.17,81.58,53.06,80.25,12.55,6,21
280,87.08,95.66,77.36,71.79,18.42,168,36
281,82.1,87.27,68.28,80.64,12.11,21,15
282,87.01,68.48,93.37,99.63,19.19,30,32
283,61.39,68.07,49.46,62.95,19.54,117,23
284,62.29,96.48,54.55,86.1,12.62,65,39
285,51.6,90.09,70.96,88.09,9.42,177,28
286,60.64,94.6,72.48,85.38,15.23,24,0
287,86.01,82.06,44.89,88.78,15.85,76,11
288,65.64,91.46,67.56,83.69,5.59,110,11
289,67.46,95.11,68.74,83.94,3.8,80,38
290,91.52,90.51,44.42,97.52,18.72,28,12
291,61.69,87.63,53.67,75.34,7.45,169,25
292,72.34,84.82,60.11,93.09,13.22,134,27
293,65.16,85.72,66.42,61.97,4.63,130,16
294,55.84,85.02,91.06,63.63,16.03,55,45
295,71.35,91.25,71.02,77.21,11.91,94,38
296,81.14,89.08,42.55,66.14,3.7,186,6
297,73.08,91.66,93.7,86.48,19.98,46,24
298,59.36,62.97,77.19,95.91,14.52,57,3
299,95.01,94.18,59.01,67.28,2.18,5,47
300,69.41,61.6,41.35,70.01,10.11,146,33
301,62.14,95.64,55.68,69.0,16.38,182,36
302,69.4,66.22,90.71,97.44,14.83,92,28
303,68.84,88.07,68.62,65.01,11.52,113,40
304,86.15,63.17,44.39,94.61,3.46,26,18
305,61.96,72.1,76.29,97.39,3.92,189,3
306,77.79,84.01,81.68,69.96,15.82,56,36
307,90.28,95.68,87.84,84.21,19.6,168,10
308,85.21,78.61,43.81,99.11,16.66,79,42
309,78.96,91.0,48.45,94.29,17.66,98,27
310,88.8,60.54,56.74,69.79,14.19,176,36
311,91.33,89.2,54.11,99.02,1.91,84,38
312,78.78,91.61,73.53,94.38,12.38,58,42
313,88.21,77.27,40.95,75.51,6.44,116,6
314,67.16,80.74,66.81,72.31,6.57,62,16
315,86.4,75.7,81.4,92.57,17.71,130,17
316,95.79,62.54,90.5,97.21,9.55,157,32
317,80.97,70.21,43.38,83.86,13.84,191,40
318,56.6,90.57,43.49,67.85,9.57,100,2
319,87.78,61.73,66.48,86.55,10.21,160,23
320,82.07,94.16,80.65,64.07,1.36,94,24
321,72.95,65.55,72.83,97.63,3.5,149,24
322,72.48,60.69,59.65,94.78,17.61,20,11
323,81.28,89.78,72.84,63.69,6.82,36,14
324,66.75,85.31,63.01,92.22,13.3,148,33
325,61.12,69.95,87.63,64.11,7.79,165,38
326,87.15,93.69,80.05,96.35,13.77,64,44
327,76.85,83.98,69.97,77.86,15.84,118,18
328,94.15,63.72,85.84,98.54,8.77,125,23
329,89.34,97.2,68.75,75.28,15.0,160,7
330,76.76,85.57,45.28,85.66,3.33,78,8
331,87.0,85.01,51.2,79.12,1.62,12,1
332,72.34,74.88,89.65,93.65,1.72,68,20
333,90.5,82.65,48.36,92.85,1.39,57,34
334,78.12,87.27,44.01,92.24,4.49,36,48
335,88.35,89.62,53.31,60.59,13.25,180,11
336,56.58,71.85,65.91,75.23,14.57,193,40
337,75.31,63.94,46.1,97.28,19.33,75,28
338,73.6,62.56,41.57,82.92,3.15,147,32
339,68.66,85.15,43.26,78.81,17.3,196,33
340,87.6,98.33,58.62,75.69,4.87,185,24
341,89.87,95.34,49.69,97.63,13.38,34,44
342,53.35,76.51,61.18,91.66,14.99,64,1
343,78.45,71.73,59.22,78.31,10.26,157,42
344,62.58,94.08,57.74,87.38,7.49,59,33
345,86.32,70.74,62.27,71.81,1.44,142,14
346,63.37,73.97,73.02,96.43,17.2,169,42
347,59.22,72.79,49.89,71.93,3.26,14,41
348,80.39,70.9,91.24,98.31,5.34,131,5
349,87.13,89.44,70.88,60.58,17.14,130,9
350,50.18,80.72,77.0,83.88,18.25,37,48
351,71.94,92.07,52.07,96.48,10.76,190,35
352,61.81,97.29,51.81,95.35,8.43,107,6
353,51.56,95.16,49.37,73.2,5.21,146,1
354,83.92,65.21,91.84,60.37,8.22,69,0
355,91.23,84.8,74.89,86.89,17.76,174,41
356,70.7,67.49,73.17,72.13,2.63,20,21
357,70.89,90.54,67.07,81.65,2.76,25,33
358,63.94,90.27,66.94,97.55,9.17,100,10
359,79.37,96.71,56.44,81.66,5.72,89,27
360,60.17,82.15,89.93,62.95,5.1,192,43
361,64.51,83.3,61.89,72.81,17.64,25,2
362,80.83,88.12,88.75,96.32,8.21,183,16
363,78.28,97.06,42.67,69.1,10.83,83,36
364,87.47,60.1,54.35,79.53,2.2,136,2
365,60.38,64.51,58.26,72.12,5.26,112,8
366,86.07,81.74,59.73,91.79,14.38,169,20
367,50.84,93.53,55.66,63.68,3.54,92,39
368,53.59,86.18,40.4,64.73,6.23,114,14
369,74.66,71.85,77.8,93.54,14.38,20,12
370,90.48,73.94,89.25,69.09,4.35,32,4
371,71.55,81.92,67.41,74.27,9.74,63,37
372,92.22,88.69,45.34,72.95,15.94,142,35
373,82.55,66.24,49.25,85.66,6.43,41,28
374,92.48,80.19,45.31,90.36,13.67,136,12
375,60.33,63.23,50.42,82.46,19.9,104,40
376,93.21,86.02,46.09,87.68,12.94,26,31
377,72.86,82.74,61.52,62.53,16.25,130,31
378,82.32,72.33,86.96,84.29,8.37,187,41
379,75.61,70.56,83.81,85.45,1.84,103,2
380,66.31,65.37,84.1,95.51,12.56,55,32
381,65.92,80.34,72.76,90.14,13.97,75,20
382,95.75,67.05,88.67,66.24,5.39,126,35
383,52.08,75.32,60.88,68.59,19.68,177,30
384,88.31,72.57,69.33,73.62,4.23,38,36
385,65.68,84.45,92.18,88.26,10.68,135,14
386,52.08,81.53,73.57,83.56,11.52,132,5
387,67.77,71.16,49.26,88.35,19.13,15,2
388,60.37,78.52,42.76,60.09,14.59,122,23
389,94.85,69.87,62.56,89.24,16.93,111,12
390,82.7,97.04,66.65,68.97,12.77,52,23
391,54.81,61.12,82.03,62.25,7.5,115,25
392,80.96,89.19,43.21,96.52,7.08,174,24
393,77.78,81.4,70.44,84.0,14.72,18,44
394,78.13,69.96,66.27,68.74,17.46,182,37
395,88.82,97.31,77.67,74.34,2.78,154,5
396,88.88,61.63,94.81,92.33,9.94,8,31
397,83.38,95.8,55.41,69.07,2.82,46,42
398,60.43,77.99,53.05,92.66,19.8,120,15
399,80.16,96.15,61.93,73.24,3.69,77,21
400,71.49,72.78,51.43,79.13,6.29,174,30
401,79.43,73.6,59.58,65.44,11.73,38,44
402,61.22,72.53,65.69,84.1,19.97,117,44
403,61.49,68.31,54.11,71.47,17.01,175,12
404,68.76,60.46,78.49,62.52,6.12,191,7
405,97.25,75.17,91.9,76.78,13.97,165,27
406,70.24,90.17,73.42,71.73,7.91,41,35
407,78.88,64.87,67.39,75.37,13.99,27,1
408,56.38,66.34,43.83,74.35,7.14,189,8
409,69.19,86.74,46.23,76.51,1.29,5,48
410,84.82,70.4,58.78,86.12,10.79,101,36
411,62.51,60.33,82.33,94.06,3.22,70,6
412,92.69,73.13,67.18,76.01,2.16,102,4
413,62.63,83.98,45.77,66.49,4.94,145,23
414,53.7,60.76,70.87,76.8,11.41,191,16
415,70.08,65.03,92.43,89.38,15.14,154,23
416,84.29,69.81,59.55,76.68,13.3,188,31
417,72.03,75.79,88.79,76.89,13.07,82,2
418,61.17,76.89,43.81,81.11,5.71,23,7
419,74.71,66.15,77.42,98.35,19.04,124,7
420,51.62,71.79,74.76,78.96,1.99,109,23
421,88.05,72.44,63.16,92.46,2.2,178,14
422,62.14,82.58,75.87,66.38,5.82,16,20
423,64.57,60.59,46.8,91.32,16.6,115,42
424,93.71,85.23,63.48,70.98,12.43,108,32
425,75.48,91.09,83.57,85.37,7.97,5,10
426,71.58,97.87,72.85,71.59,12.39,124,1
427,65.4,97.2,71.61,71.5,3.44,104,39
428,92.64,96.25,78.23,63.79,16.18,159,12
429,97.11,69.77,43.63,71.06,12.5,12,25
430,54.97,81.08,89.45,91.54,6.34,80,30
431,79.34,81.1,51.01,61.79,18.89,34,46
432,77.42,61.57,44.89,62.72,7.12,73,14
433,87.77,62.41,40.41,98.07,12.76,192,33
434,69.76,62.89,62.42,66.58,8.81,137,29
435,91.94,75.93,93.06,86.75,13.26,129,20
436,60.49,71.28,74.28,83.44,1.32,117,17
437,59.38,94.89,72.82,73.9,8.12,163,14
438,57.58,69.19,45.25,77.28,10.3,89,21
439,61.51,92.15,41.3,83.8,2.34,162,43
440,65.94,73.56,58.1,94.21,4.6,175,5
441,97.11,93.13,52.47,73.9,9.18,63,19
442,78.65,98.29,61.89,63.97,17.1,26,31
443,95.91,83.87,60.83,67.91,6.88,141,1
444,80.77,73.52,76.96,69.02,4.79,131,12
445,68.12,83.47,89.04,72.77,3.48,155,21
446,92.38,93.29,89.24,64.78,17.48,63,39
447,85.26,77.16,87.1,81.43,18.01,196,22
448,89.01,92.03,62.21,98.24,13.9,80,41
449,58.66,79.58,50.12,94.78,1.6,99,19
450,97.38,93.16,49.66,76.89,19.16,5,47
451,59.69,71.03,57.05,62.34,10.55,105,49
452,94.9,93.16,95.0,79.46,17.9,60,12
453,72.07,81.37,42.27,87.72,3.01,74,49
454,50.76,83.59,81.1,65.79,13.92,27,2
455,96.49,89.97,68.22,64.87,19.61,10,31
456,60.82,68.17,49.04,93.17,16.7,190,6
457,68.09,87.18,50.86,79.3,5.27,115,43
458,55.53,76.09,78.97,81.13,13.24,116,1
459,66.46,63.78,86.49,92.17,10.75,43,48
460,64.65,63.89,49.11,77.69,5.92,115,30
461,63.81,75.13,68.5,88.43,10.61,59,17
462,58.85,85.65,90.94,90.8,17.07,154,44
463,56.88,70.15,79.82,69.85,3.35,73,46
464,74.36,67.86,85.93,96.11,14.2,177,9
465,66.88,93.55,70.14,74.94,13.23,171,1
466,58.93,72.19,49.0,75.53,6.89,64,46
467,64.55,96.29,75.69,65.15,3.22,77,38
468,95.12,71.32,77.29,90.64,5.46,150,4
469,56.6,73.61,40.83,66.4,17.5,150,3
470,62.69,93.02,54.84,71.98,18.89,139,32
471,83.77,83.39,43.0,71.72,5.3,178,24
472,96.26,82.67,48.28,83.01,10.37,192,32
473,95.33,96.91,93.08,99.54,6.72,189,28
474,78.41,82.43,60.54,93.53,13.45,123,5
475,66.1,73.28,48.11,69.0,9.39,53,10
476,62.91,65.56,58.42,79.77,10.92,92,26
477,61.58,92.09,41.05,66.62,3.61,145,19
478,67.89,60.93,40.11,78.54,6.37,143,2
479,55.78,97.32,70.42,96.95,11.47,194,45
480,63.14,76.95,46.14,88.43,11.77,161,14
481,78.43,80.16,45.83,83.41,11.42,11,34
482,90.1,80.31,55.83,66.81,19.95,65,1
483,61.4,87.57,68.1,78.67,8.61,196,28
484,89.96,84.57,44.28,64.43,10.52,27,27
485,90.43,62.6,89.47,73.04,5.65,35,4
486,61.14,64.68,63.66,60.46,16.5,89,23
487,67.92,78.09,50.36,83.38,1.58,33,30
488,79.71,78.4,55.18,99.16,14.98,175,17
489,69.96,81.93,53.16,69.33,14.18,139,26
490,55.65,90.94,90.97,62.94,17.63,41,1
491,74.44,81.93,48.54,72.24,4.01,24,46
492,56.09,64.78,68.32,68.77,3.67,186,44
493,80.07,70.04,88.34,79.45,18.35,183,7
494,82.94,66.19,56.83,85.27,19.98,57,24
495,59.53,72.31,87.17,87.67,5.58,12,42
496,52.47,90.46,43.05,84.74,1.72,43,41
497,89.21,75.13,74.46,68.82,7.27,27,1
498,50.41,87.75,71.29,84.92,2.43,27,18
499,97.73,90.41,60.67,90.5,2.71,104,25
500,71.04,66.04,49.68,83.75,11.45,136,40
501,52.57,61.99,45.7,98.41,18.38,47,41
502,82.46,87.09,65.67,61.55,14.18,153,26
503,58.84,81.51,40.07,65.76,18.24,162,29
504,71.78,78.78,85.22,78.76,11.39,168,2
505,90.71,68.99,65.55,93.85,1.6,14,24
506,81.24,60.16,56.16,64.54,7.5,102,28
507,91.21,84.81,64.01,61.58,10.2,185,14
508,94.69,74.03,69.35,95.17,18.67,53,23
509,82.62,77.0,54.23,93.88,13.6,99,39
510,91.19,91.3,79.99,95.57,18.7,72,14
511,75.83,78.32,71.11,98.48,15.81,90,34
512,77.94,80.09,46.4,70.47,17.03,167,5
513,76.69,98.16,40.35,99.01,8.77,57,7
514,90.6,69.6,79.9,94.36,16.29,25,24
515,76.14,92.09,80.48,66.64,5.9,149,42
516,91.85,74.85,68.72,75.6,16.23,6,16
517,83.49,66.12,45.56,82.09,13.63,40,41
518,89.31,82.14,55.47,96.81,5.84,179,36
519,52.28,76.43,91.31,90.03,5.49,145,27
520,84.74,90.22,69.48,75.65,7.92,86,43
521,71.32,97.02,53.03,80.44,6.26,15,0
522,90.14,90.52,82.39,74.89,13.46,74,30
523,56.05,88.45,90.34,62.8,18.84,29,48
524,66.32,73.32,94.52,79.96,1.28,161,13
525,95.01,97.14,73.2,80.38,4.86,183,43
526,74.04,71.64,47.04,66.79,11.02,95,5
527,79.75,84.23,84.93,73.86,14.28,90,29
528,61.11,82.85,84.22,70.17,14.77,81,45
529,88.14,76.62,83.05,77.64,16.94,195,37
530,75.7,77.16,59.65,91.46,5.19,61,49
531,65.0,82.87,82.19,80.75,8.59,155,7
532,64.08,90.38,69.26,70.46,13.32,20,30
533,54.17,64.16,94.21,67.48,13.82,53,43
534,81.86,79.9,85.57,81.65,13.27,30,7
535,83.52,89.88,87.16,76.69,8.24,88,23
536,97.51,65.56,68.38,63.5,1.14,69,7
537,64.85,82.15,60.53,96.14,2.39,26,22
538,96.69,82.03,47.93,72.37,12.65,197,49
539,93.0,84.16,77.13,69.36,17.75,158,39
540,71.1,74.88,41.29,92.31,13.2,102,14
541,77.85,61.39,91.31,77.49,9.22,131,6
542,54.03,68.91,84.17,73.58,12.67,199,37
543,94.48,72.4,56.38,71.3,7.84,179,43
544,70.22,87.11,52.14,81.9,14.24,173,15
545,62.42,85.3,67.62,80.76,2.64,15,35
546,84.39,94.38,66.73,74.09,6.66,167,15
547,54.12,61.54,90.81,82.08,7.6,88,5
548,75.73,92.72,65.72,67.06,6.93,106,48
549,52.19,87.36,61.6,68.83,15.67,34,27
550,56.96,68.51,51.45,87.39,5.66,16,15
551,91.13,81.97,66.31,90.26,1.22,22,35
552,51.46,95.54,46.16,93.18,14.26,58,29
553,75.13,66.06,60.44,92.95,5.0,85,30
554,97.34,72.75,45.25,87.75,12.02,148,28
555,73.46,75.68,61.15,99.63,2.71,39,27
556,53.07,78.71,70.08,82.65,18.65,196,22
557,93.51,60.97,77.52,98.66,5.17,74,32
558,66.25,70.05,41.2,61.93,14.4,186,0
559,93.23,70.65,80.56,68.9,9.02,65,35
560,58.7,62.27,80.96,91.82,15.54,122,4
561,70.07,73.62,66.07,88.2,2.29,110,18
562,88.24,69.66,65.71,96.92,13.09,113,3
563,81.84,77.41,59.9,70.15,9.14,74,9
564,76.87,96.78,70.94,82.84,2.62,19,24
565,65.0,85.93,50.23,63.67,8.43,156,49
566,80.09,82.35,48.53,94.75,7.63,9,9
567,94.27,90.92,57.43,66.27,3.55,160,9
568,84.88,95.22,87.43,92.41,12.79,35,3
569,93.74,93.1,43.19,83.11,16.1,8,14
570,94.4,97.71,41.26,70.12,4.97,75,46
571,88.56,66.64,64.78,66.92,18.53,13,7
572,79.15,94.72,71.61,74.7,12.52,159,38
573,88.99,81.25,84.74,98.52,8.14,35,21
574,64.8,63.58,64.48,79.3,2.43,148,2
575,91.69,80.2,91.26,66.76,10.49,140,32
576,66.94,96.94,89.67,86.56,5.7,153,0
577,55.59,93.67,76.13,92.29,17.87,34,10
578,63.41,91.52,43.53,86.44,6.36,145,8
579,96.92,97.66,42.43,69.65,5.04,139,0
580,54.47,88.96,57.26,88.78,14.15,60,45
581,68.38,63.38,44.19,70.07,5.54,28,0
582,78.43,74.06,41.29,81.63,18.14,141,13
583,88.0,87.51,86.43,79.18,11.9,145,47
584,63.36,76.26,72.2,84.06,7.67,138,3
585,50.89,60.48,45.18,87.28,10.53,112,38
586,53.43,71.54,55.54,81.88,19.02,140,7
587,66.82,82.57,71.49,75.01,13.6,87,15
588,54.75,81.46,75.45,64.74,2.17,164,37
589,59.41,89.36,47.27,82.58,10.66,169,29
590,50.38,88.78,92.41,99.67,18.38,123,27
591,95.81,63.88,56.05,74.68,11.29,143,31
592,74.97,93.59,88.71,74.67,5.21,134,26
593,92.3,70.36,86.6,87.74,9.33,113,11
594,96.76,79.67,56.31,62.52,4.49,82,34
595,83.83,96.57,65.35,96.68,6.55,181,16
596,74.78,73.79,91.1,92.52,13.23,102,27
597,54.28,74.55,51.41,74.51,16.25,53,43
598,50.11,77.81,80.91,88.43,16.33,32,18
599,83.15,65.93,44.74,64.73,2.13,22,20
600,50.84,85.92,58.28,65.96,16.42,92,3
601,81.58,64.88,75.0,91.56,9.67,65,44
602,80.6,70.54,53.4,94.82,2.84,96,16
603,80.37,94.32,57.94,93.0,8.65,97,28
604,77.89,87.22,72.61,80.15,7.86,5,1
605,80.81,91.78,49.93,66.89,6.15,53,37
606,67.82,92.18,58.82,64.33,7.29,154,20
607,75.88,79.79,67.89,98.41,19.69,11,26
608,69.24,71.2,43.26,94.33,9.02,120,29
609,93.47,94.78,68.13,75.8,11.46,30,38
610,67.26,81.2,93.53,72.45,7.98,100,13
611,90.77,64.19,91.05,66.92,9.51,190,29
612,81.89,73.17,45.64,85.51,3.1,77,2
613,93.16,68.1,74.27,63.24,7.0,40,0
614,84.18,80.5,63.28,79.86,6.31,40,21
615,94.19,67.15,86.66,88.84,6.15,105,47
616,88.47,83.62,60.31,65.73,4.68,189,16
617,53.77,69.8,47.66,64.74,2.49,111,14
618,70.95,92.52,68.9,68.38,2.19,127,19
619,75.46,74.07,57.25,62.92,5.64,13,14
620,85.28,90.79,52.13,63.86,14.21,38,13
621,72.8,94.08,61.58,67.59,13.95,81,33
622,96.29,94.26,54.54,84.58,12.37,73,36
623,61.54,79.28,65.8,99.6,4.73,66,42
624,69.53,77.95,55.42,70.86,18.21,37,44
625,50.95,77.37,81.61,79.02,16.46,42,34
626,76.08,73.27,73.06,89.86,14.58,66,3
627,71.41,83.98,58.86,68.68,3.62,73,45
628,57.97,87.94,76.96,74.48,15.91,30,6
629,89.45,94.34,51.8,92.13,8.62,152,19
630,68.45,82.84,45.5,82.33,8.46,164,22
631,81.52,77.78,55.19,67.77,18.54,153,21
632,81.1,63.53,67.64,92.6,5.06,54,13
633,69.34,81.74,45.31,61.39,3.55,23,7
634,96.57,74.48,81.68,88.83,14.21,35,3
635,82.39,63.3,85.05,93.7,8.91,57,37
636,84.39,61.03,63.72,60.9,11.65,10,17
637,79.75,72.12,85.9,87.39,10.38,199,11
638,65.15,93.05,41.19,74.94,18.89,7,2
639,85.38,87.95,92.3,66.82,7.07,148,32
640,61.8,85.99,86.76,71.54,8.25,119,2
641,60.05,78.73,66.69,96.52,8.36,72,15
642,75.77,90.14,53.64,71.7,15.45,180,9
643,54.68,60.05,77.31,98.67,8.54,99,17
644,73.34,63.59,87.34,99.64,2.19,36,30
645,51.8,70.23,57.08,79.0,18.44,23,10
646,57.76,71.38,61.02,83.02,1.23,47,3
647,96.27,97.18,87.77,78.02,13.71,192,18
648,59.92,70.57,91.76,61.81,8.73,197,24
649,64.67,84.2,77.89,83.65,6.76,198,30
650,96.35,86.89,94.32,74.5,6.93,174,41
651,93.71,90.7,52.4,92.71,5.64,12,16
652,97.07,82.1,81.03,98.53,14.36,139,39
653,87.53,98.36,75.26,61.68,7.42,105,33
654,52.35,88.15,83.95,96.17,17.86,162,38
655,64.88,69.61,56.85,90.09,4.2,186,39
656,56.37,70.63,60.34,78.82,12.63,27,16
657,50.01,64.85,55.95,99.32,4.04,79,33
658,59.0,66.78,92.36,91.27,19.17,93,14
659,60.07,84.02,77.95,73.68,12.81,118,49
660,90.53,96.37,40.15,72.5,8.5,78,16
661,97.64,61.25,48.24,85.41,9.41,56,5
662,86.58,67.95,41.13,94.1,13.46,72,27
663,57.3,93.88,54.72,83.21,15.09,187,44
664,96.62,96.43,54.04,79.27,12.09,47,21
665,67.97,62.72,69.04,98.1,10.8,113,19
666,88.24,82.35,65.54,79.76,9.0,89,31
667,92.73,94.03,53.43,76.76,2.86,38,17
668,85.72,76.29,67.6,80.51,7.46,126,21
669,62.99,81.03,90.46,75.37,8.88,151,34
670,66.16,94.31,55.68,63.97,7.24,168,18
671,81.5,64.65,78.0,98.6,12.97,103,2
672,95.44,65.03,41.32,80.64,15.36,142,30
673,70.38,77.92,69.87,66.67,8.75,165,44
674,78.41,76.58,71.8,60.65,3.92,142,1
675,69.98,70.13,52.52,75.73,9.53,153,31
676,54.65,61.3,51.32,90.7,7.74,128,37
677,85.35,89.1,70.91,69.48,13.88,29,13
678,56.24,61.86,84.37,72.23,11.29,117,20
679,93.12,82.9,57.44,85.33,10.42,160,40
680,81.96,97.8,44.67,69.1,5.95,22,8
681,74.43,81.85,57.31,82.72,17.97,66,27
682,60.66,80.8,44.56,90.12,4.41,117,29
683,87.8,89.31,69.59,92.67,2.75,73,5
684,72.99,66.82,91.4,92.08,13.05,187,32
685,79.81,97.93,78.55,87.67,11.48,100,21
686,94.87,86.82,52.51,88.73,1.56,38,7
687,79.83,81.41,92.57,91.67,16.04,178,5
688,89.06,95.84,82.98,97.89,5.79,187,39
689,92.05,83.79,79.7,68.32,13.18,193,19
690,90.08,69.72,72.68,92.12,6.24,147,29
691,85.76,92.93,57.05,94.85,1.22,62,8
692,63.85,65.06,50.74,78.91,5.84,45,2
693,64.72,87.43,68.36,68.44,13.73,130,1
694,80.88,65.1,93.62,84.41,19.12,104,17
695,88.67,72.32,60.15,71.67,7.03,87,34
696,90.6,97.57,62.81,64.61,2.75,186,22
697,74.51,74.36,84.81,66.92,16.71,125,37
698,64.2,81.17,69.73,85.06,13.36,127,0
699,91.36,64.41,62.81,74.03,1.3,134,0
700,68.64,80.62,40.36,63.31,5.9,135,30
701,97.32,78.05,62.19,86.75,19.3,109,16
702,67.48,60.4,81.82,89.37,19.72,152,10
703,89.95,92.8,58.42,60.11,10.2,76,15
704,70.14,88.68,54.95,74.71,14.1,108,26
705,77.42,79.19,93.67,77.24,15.91,151,11
706,51.24,71.38,44.08,74.67,4.19,98,28
707,80.19,95.85,55.03,79.74,14.78,40,41
708,81.68,88.75,89.74,62.74,13.65,120,0
709,54.01,77.86,65.54,90.43,12.12,146,47
710,73.83,70.63,40.02,98.89,14.82,89,4
711,90.94,72.81,66.64,73.43,12.45,63,16
712,74.33,89.28,93.2,67.69,14.35,34,46
713,77.37,70.14,67.49,77.47,5.11,76,5
714,76.82,66.81,40.69,64.84,7.34,51,20
715,91.12,65.26,51.17,63.02,13.44,65,32
716,94.61,75.36,66.68,87.74,16.65,21,39
717,77.83,86.39,93.85,69.89,3.25,195,5
718,54.13,75.33,49.0,94.23,17.86,171,42
719,73.19,96.94,87.48,63.86,6.73,39,20
720,91.27,98.03,87.2,82.09,1.5,105,32
721,94.54,96.3,77.87,82.29,7.2,136,19
722,84.13,74.12,79.6,77.49,10.94,145,26
723,86.08,61.49,71.62,67.49,4.63,134,29
724,61.12,65.64,84.44,98.52,11.67,82,40
725,93.78,83.09,49.21,80.76,7.28,55,32
726,56.65,94.17,86.53,61.1,19.53,19,33
727,86.6,86.52,89.7,83.35,3.61,140,8
728,95.19,94.57,67.63,70.03,7.79,102,46
729,59.19,92.32,75.1,72.04,4.73,133,40
730,52.12,94.39,79.9,61.93,11.78,109,49
731,81.1,91.22,44.75,82.18,11.0,118,48
732,91.7,98.51,53.37,91.99,9.44,107,47
733,85.3,76.51,76.59,67.13,18.01,103,16
734,58.63,63.74,74.55,72.91,2.95,173,11
735,71.27,97.03,59.27,60.0,3.06,28,25
736,57.03,69.57,64.12,69.68,6.74,62,46
737,64.13,61.05,45.24,93.83,1.99,17,8
738,50.22,87.22,40.06,82.53,9.51,175,49
739,60.53,90.28,72.0,93.92,2.92,16,27
740,76.79,68.6,68.64,60.83,12.56,23,15
741,67.85,77.36,90.58,90.6,12.97,73,40
742,53.9,77.3,74.59,78.14,16.27,173,20
743,51.03,91.05,59.6,71.14,9.37,94,39
744,82.77,95.28,75.3,62.43,4.54,28,20
745,60.18,62.55,84.97,98.26,7.27,152,18
746,63.32,66.33,53.13,87.41,1.86,20,7
747,82.02,88.08,72.55,93.25,5.7,46,29
748,88.91,95.27,64.85,78.99,8.99,186,20
749,59.93,60.09,66.23,84.75,18.81,96,16
750,63.79,83.38,90.58,61.4,18.64,127,22
751,72.71,80.95,93.67,64.13,10.08,93,43
752,75.19,72.04,69.81,81.71,18.79,101,25
753,55.35,96.08,90.48,85.29,7.4,170,42
754,65.31,85.83,53.09,63.33,14.42,144,11
755,80.08,75.4,88.56,68.88,3.9,14,2
756,92.07,73.74,56.27,63.15,10.34,70,23
757,51.34,62.65,56.41,71.48,2.21,167,11
758,59.32,82.33,45.9,83.02,3.61,129,12
759,58.64,96.82,50.77,74.84,12.91,103,18
760,54.26,97.77,54.67,67.8,4.12,165,38
761,59.7,74.68,50.0,76.23,7.06,111,47
762,50.74,82.56,41.65,92.16,19.79,38,46
763,96.28,78.39,51.45,86.77,7.13,51,27
764,62.95,78.3,55.5,82.12,3.48,50,13
765,82.02,79.88,86.07,62.7,7.45,113,12
766,83.71,62.04,78.36,84.93,17.21,185,1
767,78.57,86.58,57.23,91.53,1.13,7,35
768,67.39,99.0,52.17,62.45,9.47,81,36
769,78.18,94.09,41.73,94.32,5.05,42,11
770,54.01,61.83,64.41,91.19,17.03,186,2
771,52.72,73.51,45.76,70.02,8.7,93,13
772,53.9,78.58,84.01,93.06,12.49,9,43
773,53.2,84.24,62.64,94.33,12.24,92,45
774,87.42,62.36,69.84,80.08,13.58,99,6
775,86.5,98.28,51.58,97.7,18.86,115,8
776,54.69,66.61,94.18,86.18,12.22,171,28
777,83.65,97.27,88.67,99.82,11.79,51,35
778,58.1,65.97,94.41,64.85,19.64,164,27
779,85.2,90.02,86.54,98.7,3.96,64,7
780,89.34,78.42,75.43,79.36,15.06,116,0
781,88.17,73.08,48.33,63.77,4.69,77,17
782,79.1,70.56,89.59,75.77,9.54,145,29
783,81.24,96.24,83.96,80.96,14.0,27,5
784,73.28,64.09,70.19,71.8,15.48,85,40
785,57.41,72.5,50.58,79.21,7.46,153,29
786,66.05,80.58,83.41,96.65,7.83,169,40
787,66.2,84.11,77.2,93.01,2.22,86,41
788,91.97,89.18,85.34,91.83,12.83,52,26
789,65.19,63.6,75.0,61.89,11.58,158,20
790,81.96,78.94,80.36,98.35,17.45,39,0
791,87.56,88.15,89.16,72.84,18.97,75,9
792,68.15,70.39,74.02,88.52,9.75,186,7
793,85.17,78.09,47.6,85.89,14.82,143,34
794,53.22,67.91,81.93,74.11,19.1,143,17
795,96.38,91.77,71.5,94.99,9.59,19,35
796,95.83,80.11,77.64,75.94,4.42,60,29
797,88.87,84.5,74.71,94.96,17.4,72,28
798,92.88,89.91,67.36,90.46,14.77,142,18
799,71.26,95.66,59.74,96.55,8.88,130,30
800,71.22,94.1,47.85,74.93,15.79,45,27
801,55.41,67.65,78.65,90.23,15.18,55,42
802,53.57,65.3,82.52,98.35,5.99,11,46
803,87.13,84.77,52.33,61.02,16.02,17,13
804,51.1,72.67,46.58,69.38,9.4,169,14
805,64.56,88.55,89.95,81.35,18.28,79,24
806,80.39,73.34,84.94,87.88,16.96,191,17
807,55.88,69.17,85.75,97.27,15.77,46,23
808,65.49,80.75,52.01,72.07,5.46,175,31
809,89.33,78.99,75.69,99.49,12.23,149,20
810,90.84,90.58,94.21,61.31,10.65,163,11
811,88.27,83.03,64.76,74.72,13.3,34,24
812,67.57,85.99,46.92,83.8,9.34,26,8
813,71.71,89.45,62.82,97.52,8.87,185,49
814,73.15,89.4,75.81,76.8,10.5,70,19
815,69.89,82.19,49.69,99.56,14.48,181,13
816,62.72,72.95,65.16,69.8,4.6,83,49
817,96.18,96.97,58.24,90.95,11.07,121,7
818,86.87,68.18,64.3,82.88,8.2,31,32
819,86.98,87.47,94.87,95.08,3.22,82,33
820,52.23,60.91,92.16,79.89,10.84,149,45
821,86.14,77.49,93.36,96.04,5.9,105,49
822,84.47,96.84,65.16,65.87,15.58,194,35
823,73.28,98.85,60.9,84.35,17.73,134,42
824,92.19,76.52,92.06,86.59,5.42,130,40
825,53.35,88.79,87.85,67.69,12.86,26,24
826,52.47,93.7,81.82,81.62,2.93,122,47
827,85.8,74.1,58.86,69.9,19.56,112,6
828,78.91,75.58,74.5,94.2,3.97,18,3
829,94.37,69.52,58.99,76.34,15.4,177,19
830,64.9,79.67,59.1,96.81,12.71,104,21
831,64.26,61.84,81.75,72.02,3.2,134,25
832,54.54,84.66,86.01,71.07,1.0,52,15
833,50.59,61.61,44.05,85.09,9.89,134,21
834,93.59,66.7,86.33,91.94,4.73,87,18
835,90.27,60.22,41.81,88.25,16.0,48,26
836,93.47,70.97,91.71,77.57,12.49,97,45
837,85.2,68.79,57.86,89.85,3.82,9,22
838,89.03,89.76,87.32,95.78,14.75,89,23
839,56.47,91.54,48.37,96.77,6.72,85,20
840,92.7,96.18,72.83,68.06,3.05,32,20
841,56.55,93.82,71.99,83.23,4.83,61,39
842,69.68,89.13,57.24,72.82,2.44,62,2
843,79.33,83.09,86.59,89.56,6.68,169,26
844,94.34,97.16,51.02,67.8,9.59,181,46
845,97.52,88.32,68.58,80.17,13.89,67,49
846,94.58,66.62,85.82,85.39,2.36,128,0
847,95.29,60.71,82.16,89.92,3.13,12,4
848,80.76,60.79,51.61,73.65,17.66,104,48
849,50.32,93.16,76.43,76.27,5.68,97,17
850,53.48,84.11,40.21,65.14,3.41,18,15
851,81.71,83.73,63.71,70.27,10.59,184,6
852,83.21,81.94,65.1,89.15,18.98,182,30
853,68.7,64.17,46.21,64.22,11.14,105,0
854,85.77,66.42,49.31,69.85,6.52,173,36
855,53.72,95.3,81.98,75.48,18.83,21,28
856,61.19,77.42,82.35,67.74,18.58,35,14
857,64.72,85.81,55.5,72.42,4.11,180,43
858,86.11,60.45,52.5,87.33,4.26,14,41
859,92.01,84.43,91.58,87.56,4.43,111,10
860,56.61,80.89,53.02,60.56,16.67,111,32
861,95.98,83.0,49.52,86.04,3.42,25,5
862,72.83,84.15,54.6,60.66,15.21,19,0
863,78.75,63.86,55.23,69.61,2.53,130,28
864,53.07,72.77,78.78,94.79,12.51,114,32
865,80.74,93.38,44.04,69.62,10.1,153,15
866,82.43,66.08,89.7,73.19,11.66,25,8
867,67.31,81.59,53.53,61.53,5.98,144,6
868,78.04,67.16,49.61,67.27,12.93,179,1
869,87.73,73.22,92.18,92.43,1.33,44,24
870,86.8,71.93,54.45,75.1,2.31,131,42
871,57.1,97.83,71.11,80.65,15.45,113,25
872,80.45,62.93,59.12,90.05,4.52,44,24
873,82.96,81.42,44.98,97.4,9.83,178,36
874,61.16,61.3,68.34,86.0,7.63,24,35
875,90.03,89.72,45.73,68.18,17.62,43,47
876,50.91,85.53,68.48,75.73,17.09,49,45
877,61.89,70.85,80.8,94.26,8.58,169,0
878,55.92,72.98,88.68,69.05,14.74,131,31
879,54.8,76.17,57.11,76.12,10.46,27,6
880,79.43,87.11,93.74,88.34,2.77,157,44
881,86.79,67.97,66.64,81.11,19.38,189,23
882,61.18,90.31,41.28,99.67,19.62,179,30
883,55.62,78.64,73.61,73.48,2.5,63,44
884,53.39,94.01,55.79,60.39,16.7,171,49
885,65.63,73.02,80.56,92.49,4.67,116,43
886,53.54,90.16,41.88,92.36,1.61,62,37
887,55.98,69.3,56.37,85.28,4.29,187,30
888,53.63,85.71,47.4,66.17,7.19,34,27
889,63.22,70.94,48.08,75.77,14.6,25,40
890,95.99,71.95,58.32,83.42,9.49,94,22
891,95.36,60.87,60.03,75.33,10.96,154,42
892,67.96,97.04,43.7,92.97,2.03,57,45
893,87.99,80.62,64.71,95.11,6.11,118,0
894,83.64,74.73,70.49,98.13,3.68,87,17
895,90.75,76.64,87.13,94.13,2.25,64,35
896,77.48,96.1,61.82,88.42,19.57,133,6
897,81.47,74.93,80.96,97.69,1.31,170,44
898,67.2,88.51,56.46,88.26,18.33,120,37
899,68.79,72.34,43.84,82.78,11.67,128,41
900,94.69,76.72,75.42,75.54,12.62,82,24
901,90.4,87.62,73.56,76.44,7.98,70,26
902,92.4,91.5,83.56,77.82,8.69,154,7
903,55.62,81.38,45.93,64.56,3.66,39,4
904,77.55,67.65,60.33,98.16,14.28,169,16
905,78.76,74.3,59.76,72.34,9.33,164,7
906,66.02,84.99,44.23,92.31,15.64,121,49
907,53.48,72.58,83.81,90.62,13.82,90,40
908,72.89,96.4,77.81,96.88,7.1,100,36
909,93.28,98.16,51.89,78.6,4.15,114,11
910,71.04,74.03,78.76,84.94,16.94,80,16
911,96.29,76.67,87.69,90.48,7.09,88,23
912,68.83,83.0,77.43,60.27,18.12,5,12
913,85.72,84.97,45.23,85.8,2.1,99,48
914,70.63,74.37,51.68,99.83,18.63,31,21
915,71.64,71.7,67.01,99.43,10.5,56,19
916,79.57,85.78,56.94,68.66,8.45,106,4
917,79.0,63.96,91.31,79.09,4.77,117,31
918,68.86,89.22,82.55,80.04,1.91,191,0
919,86.27,62.91,40.53,69.76,7.97,90,4
920,62.55,82.23,83.61,85.15,16.17,56,26
921,81.11,89.67,63.43,92.75,5.38,186,36
922,73.69,76.1,67.71,86.32,10.96,190,31
923,62.7,67.86,83.81,80.27,18.36,169,12
924,71.7,65.39,82.79,93.0,9.55,73,34
925,67.09,83.65,48.86,63.88,6.54,52,46
926,62.8,69.42,79.12,87.43,9.68,66,36
927,52.24,93.45,80.39,82.78,3.33,152,8
928,74.41,84.44,80.7,66.87,4.23,124,26
929,95.22,93.88,50.53,67.69,7.91,63,10
930,84.05,82.45,49.06,88.08,4.25,187,31
931,58.64,70.72,82.18,93.05,7.3,66,8
932,90.25,95.18,89.22,84.8,9.06,175,34
933,89.62,86.3,59.42,94.49,6.19,171,26
934,70.69,92.23,53.48,84.17,12.7,95,38
935,82.04,85.18,91.42,60.14,15.97,170,39
936,77.38,94.01,91.95,97.25,4.7,121,7
937,85.54,74.63,81.64,91.05,5.98,13,33
938,82.14,72.47,84.95,89.89,18.92,60,4
939,85.74,76.6,60.3,80.78,12.81,168,27
940,52.08,96.5,92.43,85.06,8.36,121,3
941,72.82,71.22,46.98,85.52,5.0,180,36
942,55.06,79.21,85.78,89.31,14.47,10,14
943,68.12,81.38,53.53,73.72,16.93,58,37
944,62.46,82.81,88.33,90.2,13.19,189,32
945,67.02,74.25,68.6,79.29,10.11,18,48
946,94.76,60.93,73.64,86.85,3.14,105,11
947,95.6,89.41,48.97,91.1,14.29,49,30
948,66.66,81.03,93.79,67.11,18.62,138,3
949,94.51,89.38,72.48,64.02,7.61,165,36
950,95.66,81.66,56.26,71.57,16.91,113,44
951,75.22,69.55,55.62,92.45,3.81,108,34
952,62.13,87.54,66.31,80.04,14.28,8,49
953,85.37,84.93,42.07,63.35,5.36,47,7
954,68.04,66.13,85.6,70.64,3.64,8,31
955,86.74,81.57,88.4,88.97,11.16,84,35
956,73.05,91.92,79.38,86.06,5.91,108,39
957,53.9,98.55,42.86,93.29,16.23,111,11
958,80.93,82.84,92.83,80.75,3.0,83,4
959,88.08,86.65,83.94,97.76,4.59,112,32
960,66.55,65.63,81.02,97.64,18.29,135,32
961,90.98,94.34,59.97,97.34,9.51,134,30
962,59.93,94.77,67.52,67.77,19.29,144,49
963,93.3,68.09,93.04,79.4,12.44,136,39
964,56.98,85.92,43.11,87.9,12.46,141,39
965,74.98,79.18,76.01,82.88,12.14,24,31
966,91.05,97.83,59.08,97.84,16.21,49,35
967,89.15,63.0,48.29,71.29,5.99,193,16
968,78.99,76.02,89.52,82.02,18.5,99,5
969,82.39,72.86,65.12,87.26,19.78,134,11
970,75.15,84.24,86.32,66.12,17.4,36,33
971,52.53,66.04,89.54,65.71,7.98,189,14
972,65.42,62.92,79.1,62.67,6.12,157,28
973,61.41,66.97,43.41,74.63,14.17,56,37
974,77.29,98.04,59.6,60.62,8.61,144,49
975,53.94,79.81,75.39,92.03,4.25,91,17
976,55.6,63.21,94.63,88.33,8.2,182,45
977,77.76,92.32,43.56,84.34,12.37,153,23
978,61.03,68.66,40.03,89.66,8.22,137,16
979,50.73,90.13,60.76,82.11,10.8,21,29
980,97.29,89.29,72.96,91.36,3.37,132,30
981,95.27,79.1,59.39,90.93,2.03,32,4
982,84.78,60.88,72.48,75.42,17.25,61,37
983,90.38,89.38,81.27,76.02,3.74,142,36
984,50.19,90.53,86.78,79.1,9.77,182,6
985,94.13,94.51,82.45,82.23,15.09,184,22
986,70.17,70.7,56.1,84.16,1.77,129,8
987,94.84,89.08,46.99,69.02,19.18,66,9
988,58.67,81.68,88.22,78.89,2.04,134,17
989,59.64,86.88,91.84,77.19,6.28,170,8
990,84.14,75.01,68.88,85.26,2.94,146,10
991,56.92,78.72,60.84,88.18,14.16,25,38
992,78.79,89.94,83.82,60.24,13.29,76,48
993,88.54,78.99,68.05,65.61,14.61,91,15
994,76.52,87.33,56.51,68.88,5.18,91,33
995,87.16,64.04,65.94,80.78,11.51,132,48
996,94.25,67.39,82.49,83.42,14.76,112,18
997,89.93,70.32,80.38,65.27,6.92,9,38
998,73.12,90.84,64.24,98.46,6.75,196,4
999,68.9,64.31,83.64,89.04,5.56,6,12
1000,53.68,90.33,75.45,66.6,12.21,11,27
1001,52.41,70.98,72.09,73.7,4.1,15,35
1002,83.94,85.77,62.47,99.23,6.7,199,35
1003,64.94,83.84,44.49,76.33,11.24,162,1
1004,93.74,93.32,65.57,73.25,4.24,94,20
1005,75.59,69.4,64.5,96.06,17.94,159,39
1006,83.02,68.54,88.72,72.46,17.64,175,34
1007,89.14,60.99,87.6,95.01,10.58,114,34
1008,79.32,82.73,88.76,70.39,19.23,14,30
1009,65.85,86.69,67.64,76.65,8.89,167,46
1010,61.96,83.39,54.79,92.93,5.38,21,48
1011,88.19,75.71,59.07,65.25,7.53,122,6
1012,88.09,64.07,53.67,61.22,4.67,158,36
1013,86.85,80.29,42.92,65.74,19.48,27,43
1014,56.73,79.18,72.3,70.32,1.84,132,31
1015,56.88,85.35,75.81,88.08,3.92,165,24
1016,94.76,97.07,71.48,83.21,13.37,66,22
1017,68.62,69.96,60.8,89.96,2.56,66,27
1018,92.43,95.45,74.52,79.19,18.25,188,38
1019,85.24,97.11,90.25,90.19,10.9,89,28
1020,94.46,89.65,41.74,60.52,18.39,175,38
1021,70.86,69.84,45.91,92.68,7.24,188,7
1022,94.34,89.85,67.99,84.96,1.16,63,6
1023,73.56,88.65,43.96,99.94,16.15,148,35
1024,75.69,72.85,64.67,65.91,6.99,21,37
1025,51.63,98.81,81.09,86.83,2.84,11,4
1026,68.36,62.66,83.48,88.69,16.19,159,35
1027,63.03,88.83,80.13,85.62,1.47,163,21
1028,64.47,81.48,93.4,94.8,1.53,167,49
1029,54.35,84.3,69.85,97.15,9.2,194,4
1030,81.85,73.11,64.5,66.58,15.32,199,26
1031,61.74,86.36,62.39,82.44,13.38,28,5
1032,53.12,71.21,55.83,79.72,12.7,78,40
1033,54.94,95.2,50.56,95.64,10.96,69,42
1034,62.88,88.49,51.37,95.56,17.72,57,22
1035,92.12,64.2,72.38,67.18,15.18,32,17
1036,55.51,69.55,40.43,87.34,18.99,136,6
1037,93.76,70.01,60.61,74.54,6.36,11,49
1038,57.49,86.05,58.51,76.7,12.31,144,37
1039,87.16,74.68,89.06,61.22,5.68,83,29
1040,74.04,75.01,70.6,74.25,18.22,193,32
1041,71.69,69.19,74.37,74.52,11.49,70,0
1042,97.06,93.31,87.72,93.89,18.12,59,26
1043,73.91,64.86,90.27,74.06,3.82,182,40
1044,68.0,88.77,73.04,78.94,11.59,93,43
1045,58.91,90.57,59.33,83.12,16.48,155,0
1046,69.36,91.87,50.54,89.65,6.17,9,23
1047,89.7,92.71,48.54,83.52,4.19,186,42
1048,71.78,96.56,49.8,77.63,13.16,35,8
1049,91.31,89.43,71.87,63.93,10.02,16,31
1050,50.21,96.5,52.46,62.35,2.43,45,8
1051,62.41,70.14,89.02,86.21,10.2,103,49
1052,65.12,87.82,60.24,90.73,7.39,89,17
1053,83.31,77.13,76.34,73.69,2.59,119,39
1054,93.23,61.34,81.4,87.46,9.98,51,17
1055,71.3,86.91,41.86,62.01,18.99,36,47
1056,63.79,60.62,49.35,63.41,1.43,96,5
1057,54.05,87.03,87.42,81.51,14.11,69,33
1058,78.73,80.28,85.71,72.27,17.84,140,0
1059,76.89,62.33,86.22,70.68,17.07,92,2
1060,56.11,91.63,46.47,92.03,14.13,122,43
1061,94.35,60.64,71.91,67.9,7.06,86,29
1062,62.46,82.92,76.08,84.91,4.68,76,16
1063,63.03,70.37,60.45,78.23,16.59,85,3
1064,92.75,98.72,55.82,82.79,15.47,64,38
1065,79.36,84.29,64.66,76.97,12.45,104,19
1066,50.88,87.05,62.93,70.25,4.68,50,0
1067,66.63,74.13,54.3,76.63,13.45,22,29
1068,79.81,61.1,68.27,74.47,19.28,121,5
1069,66.95,88.28,94.59,76.96,5.17,110,29
1070,77.87,97.83,63.44,75.42,12.01,149,10
1071,65.33,60.55,88.31,68.32,18.96,13,47
1072,89.81,66.47,85.14,85.91,8.27,64,49
1073,90.85,83.8,60.28,70.79,12.49,84,17
1074,51.83,67.99,46.55,63.4,6.78,153,13
1075,77.37,80.96,67.87,77.64,15.97,7,26
1076,59.0,78.92,86.24,91.36,14.86,136,6
1077,67.79,68.06,93.44,94.71,9.34,50,42
1078,70.63,93.12,54.38,70.17,16.13,185,8
1079,75.18,85.49,61.66,85.01,5.95,54,39
1080,73.92,80.01,64.9,60.27,18.87,176,49
1081,66.68,74.19,93.17,77.17,16.19,125,16
1082,92.69,79.59,72.58,85.48,6.72,43,27
1083,77.76,87.61,66.31,94.5,3.85,113,21
1084,56.86,94.12,43.37,95.86,17.74,57,31
1085,71.35,98.1,50.48,60.32,5.59,97,29
1086,69.5,86.7,56.44,84.36,16.81,23,20
1087,67.28,85.11,86.28,83.6,7.54,171,34
1088,79.16,92.82,56.13,82.86,19.76,162,26
1089,63.99,83.11,87.2,84.14,10.2,69,48
1090,83.12,70.2,54.36,83.49,9.94,144,45
1091,64.18,97.81,78.41,75.91,1.02,30,41
1092,61.19,61.25,83.94,86.05,18.1,34,4
1093,50.31,74.31,45.17,89.66,6.1,44,45
1094,54.53,61.88,61.12,66.81,7.97,106,16
1095,56.3,78.09,56.42,62.8,11.45,171,11
1096,59.48,91.19,49.8,72.26,6.76,31,29
1097,53.04,61.06,94.97,78.47,2.03,180,12
1098,60.67,80.35,92.34,73.85,12.38,173,12
1099,80.7,74.05,41.29,92.95,13.11,150,1
1100,74.59,65.4,90.65,89.6,5.06,188,34
1101,51.32,64.61,82.17,98.4,3.94,172,37
1102,71.78,63.32,62.63,99.0,10.93,92,31
1103,64.19,82.44,70.58,92.26,17.22,111,41
1104,65.49,88.66,76.93,76.8,11.69,8,15
1105,79.29,88.92,51.46,96.46,8.54,130,28
1106,61.75,60.77,94.68,91.6,12.63,17,46
1107,97.62,64.26,40.84,97.92,19.7,75,29
1108,92.37,89.58,54.19,63.08,11.23,185,8
1109,93.46,60.76,52.81,90.64,1.56,67,38
1110,91.24,70.42,47.64,97.22,14.26,105,29
1111,53.95,88.93,72.73,99.0,16.55,105,25
1112,90.61,94.94,92.88,92.4,14.89,64,32
1113,62.55,64.35,64.54,72.03,2.86,73,44
1114,95.68,85.11,89.9,60.78,10.55,79,28
1115,91.74,79.01,70.15,98.94,10.57,181,10
1116,93.66,98.2,42.95,94.46,1.14,63,17
1117,83.98,81.09,43.85,85.78,19.82,23,15
1118,91.05,73.72,60.16,85.41,12.28,171,47
1119,73.26,61.08,69.31,63.94,11.66,181,9
1120,58.95,92.45,90.79,95.55,10.36,75,29
1121,79.81,91.66,94.68,85.24,11.27,18,23
1122,96.36,81.13,42.03,90.06,18.36,193,10
1123,81.8,77.3,48.34,74.76,15.35,68,38
1124,78.5,68.91,85.8,92.58,7.88,23,31
1125,93.0,97.14,80.35,84.63,14.55,197,19
1126,74.96,92.79,53.72,80.11,18.9,57,30
1127,57.16,69.74,41.05,76.19,4.83,146,3
1128,71.32,75.42,68.79,89.6,18.28,176,34
1129,77.83,96.67,48.91,71.6,3.85,21,46
1130,57.0,81.67,43.33,81.72,10.22,141,14
1131,81.31,83.12,56.27,77.04,11.76,60,27
1132,75.15,74.69,58.79,96.67,10.85,71,17
1133,60.56,72.31,52.69,77.7,14.32,188,15
1134,81.13,92.41,67.79,88.07,15.61,124,17
1135,62.28,66.31,47.92,94.42,3.37,112,46
1136,56.35,97.69,57.03,99.69,14.09,190,1
1137,63.41,65.52,69.03,79.41,1.71,195,2
1138,93.18,70.44,57.2,77.3,12.08,148,45
1139,75.06,90.75,41.38,60.55,14.0,198,28
1140,77.82,95.38,65.36,99.13,13.29,64,23
1141,76.19,97.37,94.39,88.96,17.87,64,15
1142,89.0,92.04,87.91,82.76,17.33,141,2
1143,68.49,74.03,71.3,69.05,16.34,82,26
1144,93.02,88.27,43.98,71.74,4.25,135,24
1145,94.47,63.21,48.99,86.77,3.37,122,36
1146,72.22,61.91,69.57,88.24,11.05,112,14
1147,78.04,64.79,94.14,86.71,3.17,121,29
1148,65.27,81.42,48.11,93.66,2.58,173,7
1149,53.57,80.83,56.53,60.52,3.42,115,14
1150,58.23,63.84,70.35,83.21,2.82,46,26
1151,87.48,70.43,84.42,75.85,9.14,24,20
1152,68.57,90.49,92.42,65.33,8.28,174,34
1153,92.49,64.28,52.44,98.11,6.35,62,23
1154,97.69,93.33,47.83,86.3,17.65,98,26
1155,75.07,79.12,70.24,86.44,9.04,83,48
1156,76.67,72.42,66.76,65.09,5.65,199,25
1157,81.85,88.74,47.35,77.04,16.5,84,16
1158,58.25,89.89,76.34,70.61,15.59,57,41
1159,63.65,62.01,85.12,79.25,10.13,114,33
1160,66.12,80.53,54.71,92.79,11.68,78,41
1161,50.62,94.28,54.3,94.67,9.15,130,21
1162,69.36,61.04,82.32,90.64,12.11,186,0
1163,65.09,94.92,53.39,77.23,6.17,186,19
1164,64.76,90.81,52.37,63.89,14.42,55,28
1165,54.85,61.26,80.29,76.94,18.48,159,48
1166,95.99,92.96,71.49,94.04,5.53,14,38
1167,52.39,63.62,89.11,76.05,15.45,92,5
1168,66.71,95.39,74.79,90.54,18.03,197,38
1169,94.02,88.24,74.13,77.1,3.89,60,3
1170,51.14,85.05,44.16,94.25,10.96,149,30
1171,94.0,68.47,44.44,94.51,17.0,18,37
1172,88.8,73.24,65.86,90.02,6.51,185,17
1173,50.49,64.51,94.44,84.96,13.02,90,42
1174,73.22,87.49,52.97,91.46,19.93,52,39
1175,69.9,68.25,78.96,66.49,8.63,146,31
1176,59.95,61.62,58.88,93.71,13.3,93,24
1177,50.51,82.94,52.46,73.15,15.18,120,12
1178,59.18,87.5,53.56,71.87,9.99,100,12
1179,93.54,86.3,50.78,86.42,20.0,100,24
1180,97.64,68.99,83.06,95.85,7.96,136,21
1181,94.33,82.87,74.37,93.43,14.83,51,49
1182,74.38,71.84,81.4,85.3,6.6,80,9
1183,90.58,98.68,58.44,61.58,17.4,14,49
1184,53.72,67.58,76.31,77.04,6.86,58,48
1185,87.12,92.3,45.48,75.24,17.46,5,1
1186,71.12,93.99,65.67,74.94,8.45,168,44
1187,66.21,61.19,62.09,60.05,15.17,108,4
1188,68.52,83.86,42.85,76.42,8.32,114,13
1189,61.29,96.09,62.08,96.2,9.86,132,16
1190,92.45,61.42,48.44,94.89,11.71,79,30
1191,95.42,92.73,91.63,97.22,5.55,25,32
1192,58.99,94.25,74.24,65.99,15.75,45,41
1193,91.95,92.21,90.99,85.1,11.27,181,11
1194,53.18,67.39,81.16,80.12,1.94,167,15
1195,64.1,95.12,49.04,60.33,3.75,174,24
1196,88.56,95.18,65.48,88.93,16.16,61,45
1197,87.93,91.08,83.82,75.83,1.99,83,19
1198,91.41,89.16,66.74,73.29,2.19,34,32
1199,61.83,76.4,42.73,77.22,9.7,77,44
1200,77.82,68.11,83.88,80.93,6.6,145,5
1201,85.59,79.54,62.71,84.5,16.4,92,27
1202,57.88,61.12,49.17,82.75,17.29,161,44
1203,94.54,89.43,89.56,83.78,11.34,126,42
1204,81.82,78.33,48.2,95.41,13.2,170,38
1205,97.29,61.76,73.24,66.07,14.15,19,47
1206,65.76,71.3,81.2,87.32,15.96,142,12
1207,82.06,82.24,60.47,82.62,6.53,98,21
1208,90.44,89.73,82.39,91.27,17.53,6,9
1209,84.24,97.48,65.33,98.23,15.1,68,2
1210,61.51,61.56,68.35,88.49,2.13,79,7
1211,78.82,77.43,54.01,70.36,6.39,151,27
1212,51.19,62.59,73.35,62.39,17.62,179,31
1213,60.82,70.75,56.69,72.22,8.78,134,18
1214,79.36,95.74,45.03,70.26,16.12,159,47
1215,69.73,92.52,72.24,73.39,5.93,145,30
1216,82.1,74.93,67.12,94.06,12.58,49,32
1217,87.28,88.25,76.11,94.74,18.67,108,26
1218,74.82,91.66,55.35,71.2,15.2,131,24
1219,86.73,88.24,69.25,74.82,5.26,79,16
1220,66.46,80.03,50.46,66.34,3.68,143,12
1221,63.0,65.02,69.23,75.63,16.79,29,9
1222,66.13,90.58,89.68,64.26,5.29,123,7
1223,55.89,74.68,70.75,74.29,17.72,135,1
1224,77.56,82.11,87.75,81.83,2.37,17,14
1225,60.18,97.51,55.11,84.93,12.53,97,34
1226,78.19,61.38,86.48,89.55,17.95,147,37
1227,66.61,98.76,75.79,88.96,18.45,40,21
1228,60.05,98.71,85.96,84.47,13.71,153,24
1229,68.5,95.98,44.6,95.56,12.34,85,27
1230,54.15,81.82,69.83,84.74,8.32,199,41
1231,82.55,85.74,49.28,77.71,4.49,108,10
1232,92.39,66.35,55.18,67.04,7.82,40,10
1233,76.34,93.97,70.3,76.62,2.83,33,25
1234,92.66,91.42,82.0,94.55,9.26,11,16
1235,51.33,70.58,46.05,97.82,6.72,64,29
1236,84.28,60.69,68.07,76.22,4.04,150,0
1237,79.29,78.38,81.14,67.7,2.12,56,4
1238,66.45,63.47,41.4,76.36,1.55,71,6
1239,64.77,63.82,51.91,83.23,2.27,186,46
1240,70.33,94.86,61.8,92.41,1.58,189,14
1241,78.53,71.26,76.15,90.19,19.81,131,4
1242,64.09,88.18,54.0,67.4,5.43,42,38
1243,84.29,67.75,41.73,64.03,6.63,125,37
1244,92.35,87.27,54.1,87.63,12.04,92,19
1245,88.71,76.25,80.52,69.5,13.64,10,34
1246,84.93,97.58,86.04,87.96,13.66,125,46
1247,92.46,65.1,79.11,83.16,13.03,126,12
1248,53.6,98.71,50.16,91.66,9.35,115,24
1249,97.39,75.12,88.73,86.32,12.54,66,37
1250,71.47,74.7,74.77,98.39,1.72,97,32
1251,64.46,66.99,81.42,99.55,11.35,26,14
1252,69.61,86.06,77.75,85.2,18.63,97,16
1253,51.41,66.99,54.75,93.6,5.27,188,37
1254,65.19,60.97,42.32,87.64,15.87,110,9
1255,92.73,79.34,63.04,62.68,15.28,91,7
1256,94.88,66.47,83.58,78.31,3.82,90,25
1257,72.0,66.73,40.16,60.1,18.34,5,12
1258,96.26,60.74,71.0,68.39,7.16,14,5
1259,83.32,82.06,49.02,69.09,10.28,107,13
1260,83.03,60.69,88.06,71.41,5.11,179,39
1261,64.45,92.98,90.03,65.83,17.86,22,16
1262,79.81,74.17,61.25,61.66,6.93,157,48
1263,58.77,82.59,79.02,77.49,9.4,27,2
1264,94.52,65.15,71.06,82.6,14.16,62,33
1265,77.81,93.31,65.74,80.19,2.96,30,21
1266,61.77,62.99,56.75,97.39,6.0,186,3
1267,63.17,74.47,53.46,73.7,3.24,177,38
1268,88.61,64.27,58.98,86.87,9.78,175,7
1269,81.76,61.25,89.32,61.71,19.81,114,26
1270,87.63,87.37,72.51,68.78,3.47,189,35
1271,87.65,86.37,69.15,98.31,8.01,66,2
1272,62.98,97.25,76.61,75.7,3.43,48,14
1273,70.1,70.58,44.2,97.46,17.85,23,3
1274,87.12,83.1,72.42,85.61,2.99,39,40
1275,70.28,72.21,46.85,65.2,7.65,191,24
1276,64.73,60.79,62.42,63.7,12.3,26,14
1277,85.11,87.11,57.71,62.31,9.57,33,42
1278,90.56,96.26,82.34,82.23,9.37,9,11
1279,90.0,74.3,48.07,89.88,9.65,42,26
1280,56.8,78.28,71.09,77.4,11.49,145,15
1281,60.69,70.41,53.58,98.81,17.46,30,28
1282,77.76,62.73,72.92,77.5,14.75,36,20
1283,60.52,93.45,57.53,94.07,12.56,62,10
1284,83.57,87.26,42.83,84.31,15.13,156,27
1285,94.07,78.71,67.97,66.28,1.13,74,9
1286,79.97,92.14,77.48,86.84,13.85,67,8
1287,51.23,88.39,76.21,93.44,9.35,159,22
1288,57.0,94.94,89.45,94.46,10.43,168,18
1289,75.8,91.13,49.93,97.97,9.1,188,37
1290,84.97,81.07,50.23,63.35,13.23,61,39
1291,94.9,71.0,41.5,78.55,13.56,199,10
1292,74.12,79.62,87.32,91.92,2.34,91,17
1293,97.7,60.88,63.38,80.9,18.88,32,24
1294,95.52,73.86,57.81,61.09,19.44,21,34
1295,82.75,76.1,46.15,83.02,3.97,56,38
1296,94.55,65.63,67.78,68.52,1.47,79,25
1297,77.24,75.71,41.51,88.23,1.46,153,30
1298,90.62,63.46,59.68,76.67,7.89,82,16
1299,65.36,92.76,89.02,97.69,18.34,160,3
1300,78.98,97.15,89.65,77.67,14.83,124,6
1301,74.18,92.49,41.98,73.11,11.73,185,33
1302,82.34,85.96,56.66,71.05,17.53,75,49
1303,79.96,80.77,84.42,71.69,6.62,198,7
1304,95.04,70.57,59.25,64.3,17.0,114,7
1305,71.83,69.51,93.95,61.78,11.41,113,22
1306,76.24,82.14,84.15,94.62,16.06,7,28
1307,55.89,88.33,90.12,81.35,3.26,105,11
1308,95.61,64.35,76.46,95.63,7.9,78,47
1309,65.36,74.53,57.85,81.97,7.41,105,48
1310,87.12,77.37,86.96,73.82,7.22,47,38
1311,54.1,60.26,90.74,90.15,13.77,125,11
1312,78.26,71.42,85.27,64.25,14.3,72,21
1313,87.88,72.83,81.88,62.57,4.43,80,12
1314,81.39,70.59,73.0,94.97,1.18,170,42
1315,81.16,85.56,71.2,66.05,1.9,34,12
1316,59.83,67.91,45.08,96.35,6.67,25,44
1317,91.05,95.44,78.9,68.53,17.13,61,18
1318,81.95,71.05,58.11,71.29,12.92,81,45
1319,94.5,72.74,58.24,77.22,17.75,115,29
1320,90.83,75.77,88.25,95.17,3.79,171,17
1321,56.6,95.87,92.02,72.25,8.42,142,17
1322,65.13,95.66,51.25,64.94,8.58,19,27
1323,60.08,61.22,67.25,88.61,4.63,93,47
1324,69.59,94.13,66.51,75.94,1.42,80,41
1325,96.93,95.73,43.27,94.78,10.57,189,39
1326,53.38,86.89,84.94,71.46,2.05,52,34
1327,65.63,69.51,92.45,80.53,16.36,82,21
1328,62.5,85.15,82.13,78.17,16.91,21,23
1329,77.83,80.4,79.19,88.52,4.02,150,47
1330,92.13,97.82,57.18,93.08,16.7,196,13
1331,57.06,65.2,88.96,66.19,8.66,75,13
1332,87.92,88.66,82.31,84.7,15.76,195,34
1333,87.83,76.58,73.33,78.55,18.82,172,49
1334,80.26,61.71,60.94,85.53,11.25,77,7
1335,57.74,92.53,56.75,61.54,6.14,82,12
1336,88.53,78.39,67.39,85.17,5.42,106,16
1337,89.92,74.09,46.28,62.11,17.45,125,14
1338,63.98,67.15,53.58,96.02,7.76,107,46
1339,75.03,85.58,50.41,74.82,5.07,102,48
1340,92.08,85.69,51.21,69.01,8.81,196,6
1341,75.57,64.23,61.25,77.95,19.34,79,6
1342,89.41,67.62,50.89,89.52,7.32,100,12
1343,82.92,78.67,76.14,76.25,11.89,55,20
1344,55.67,88.65,93.11,67.29,6.23,45,34
1345,93.66,65.04,90.12,78.59,19.52,189,40
1346,76.85,74.14,85.14,72.41,5.21,72,2
1347,82.55,66.86,42.13,72.04,14.73,164,33
1348,61.31,61.44,58.09,88.62,5.62,114,21
1349,78.85,75.53,67.12,70.37,15.73,58,17
1350,76.87,95.08,62.7,85.58,10.98,94,41
1351,51.13,88.92,53.41,63.54,12.4,149,20
1352,68.69,81.59,57.66,77.21,19.78,63,11
1353,84.64,86.98,49.91,87.59,18.86,81,12
1354,71.87,84.46,68.45,88.91,16.9,79,9
1355,61.35,67.69,84.6,77.24,12.85,76,47
1356,70.16,62.39,65.98,71.01,11.4,188,11
1357,58.47,93.35,43.6,82.17,1.06,95,8
1358,65.34,93.1,59.25,75.08,11.35,97,28
1359,95.17,72.06,60.52,60.29,9.94,128,23
1360,89.19,77.96,48.26,69.28,6.76,106,20
1361,53.66,67.23,46.04,96.44,9.54,19,4
1362,63.71,70.83,87.02,93.71,4.77,87,14
1363,70.42,88.14,68.43,66.69,19.65,143,30
1364,81.71,64.93,73.99,91.4,2.01,104,21
1365,55.85,87.55,88.26,65.53,4.12,81,41
1366,74.2,97.89,87.63,89.18,10.31,177,14
1367,73.41,78.21,94.17,84.81,15.12,129,3
1368,84.82,92.11,94.88,66.01,19.57,40,19
1369,90.66,94.88,52.31,73.75,5.05,194,32
1370,80.48,71.87,63.28,82.02,5.6,161,34
1371,76.91,60.9,82.05,67.92,1.61,19,35
1372,68.62,83.71,47.56,90.2,19.21,112,27
1373,93.0,74.31,67.77,61.16,1.07,53,41
1374,69.44,95.27,65.09,63.01,9.91,152,1
1375,51.54,79.84,79.2,92.43,4.04,122,39
1376,79.43,77.89,84.37,78.66,14.2,174,12
1377,71.24,98.69,45.88,65.58,11.69,116,20
1378,62.86,82.74,64.91,74.6,2.5,173,34
1379,97.03,63.27,43.9,93.12,10.12,114,7
1380,79.84,79.42,91.46,71.33,13.99,193,18
1381,78.4,90.31,50.62,73.27,16.11,86,39
1382,76.4,77.02,41.16,96.61,17.63,148,24
1383,68.15,78.9,53.33,76.68,13.79,81,41
1384,69.35,95.28,61.01,99.92,7.49,153,8
1385,69.72,64.64,63.94,65.52,16.72,68,42
1386,74.76,67.18,70.21,79.82,13.73,111,12
1387,60.47,81.56,82.37,84.14,2.96,190,43
1388,91.8,94.09,78.11,87.27,6.72,97,34
1389,70.15,70.0,66.13,88.6,2.25,65,49
1390,91.31,96.74,58.65,77.56,3.81,163,20
1391,62.61,68.28,43.45,75.08,14.5,61,22
1392,86.97,85.53,73.98,87.25,3.25,35,36
1393,90.63,89.0,78.81,71.15,13.19,192,24
1394,66.96,95.03,74.85,63.62,2.55,170,35
1395,70.87,63.9,87.43,90.16,4.76,158,38
1396,92.44,63.6,79.83,89.97,1.8,169,20
1397,75.06,75.05,52.93,91.9,7.88,53,19
1398,66.81,93.43,77.8,98.63,17.65,55,14
1399,91.28,97.05,59.13,75.63,16.57,30,7
1400,72.29,64.75,41.52,82.05,11.27,96,25
1401,61.24,94.56,86.9,87.48,2.84,67,10
1402,79.28,98.99,80.55,70.02,18.29,32,41
1403,95.1,98.96,60.84,71.51,13.73,48,36
1404,64.56,96.15,83.77,62.36,2.04,183,35
1405,74.79,97.52,85.04,75.23,12.69,65,19
1406,84.84,67.25,79.87,82.11,17.43,87,3
1407,63.0,95.41,89.51,62.18,19.49,163,47
1408,75.27,90.66,62.29,72.91,13.89,89,16
1409,52.15,96.93,88.92,92.29,19.63,170,10
1410,88.89,79.25,45.14,81.17,7.04,187,39
1411,53.13,83.38,81.68,65.44,18.57,20,30
1412,56.75,95.71,87.25,72.38,12.11,92,30
1413,67.34,95.58,76.17,91.69,17.95,29,49
1414,81.31,64.88,70.82,64.19,7.89,109,30
1415,76.26,74.83,52.76,70.49,11.85,148,9
1416,55.86,60.6,64.67,88.25,16.2,51,37
1417,88.67,86.26,82.33,72.36,15.33,45,24
1418,73.08,70.7,87.82,98.21,2.88,113,49
1419,66.77,87.38,62.58,77.77,2.97,150,30
1420,84.35,94.28,81.18,95.18,10.53,120,27
1421,77.01,80.94,48.05,71.89,12.77,125,22
1422,63.97,65.27,73.86,80.5,5.75,125,4
1423,77.03,96.89,45.28,65.43,8.0,106,30
1424,50.55,80.11,81.48,77.53,14.66,137,36
1425,80.97,66.21,54.21,90.99,19.81,70,16
1426,89.62,89.86,50.7,74.22,5.2,6,20
1427,63.29,80.3,56.42,69.06,8.64,176,10
1428,52.43,75.65,75.42,84.29,14.79,47,21
1429,75.68,98.04,55.74,96.42,9.2,160,28
1430,94.03,78.32,83.14,91.13,16.07,189,1
1431,63.56,87.07,87.94,75.67,18.41,21,19
1432,51.52,83.58,70.54,77.72,2.22,167,35
1433,66.06,89.32,94.27,71.23,15.55,86,35
1434,68.82,77.45,56.75,74.54,4.16,64,14
1435,89.9,83.44,53.73,86.17,16.63,60,31
1436,60.31,68.75,89.84,60.04,11.61,129,36
1437,60.17,72.96,41.4,62.74,6.05,122,4
1438,90.31,75.36,78.12,83.04,9.91,185,7
1439,80.72,83.06,57.86,80.13,16.52,188,43
1440,53.74,82.14,65.16,62.82,18.1,162,19
1441,97.74,81.2,61.8,77.78,11.12,110,17
1442,86.41,63.5,56.36,69.0,7.91,147,1
1443,64.17,90.55,77.18,92.69,19.15,104,2
1444,67.03,83.26,57.17,82.67,15.89,137,49
1445,65.26,97.05,50.65,61.23,5.97,41,36
1446,67.1,79.93,45.39,76.58,3.32,105,26
1447,64.12,78.19,69.33,86.03,12.85,197,49
1448,67.89,60.6,77.31,62.75,14.9,151,9
1449,65.13,63.55,53.99,95.34,5.66,118,49
1450,68.17,63.07,60.69,61.95,19.94,78,24
1451,66.57,96.84,77.9,68.69,18.63,179,11
1452,61.27,89.11,50.6,89.83,19.28,77,7
1453,82.95,72.85,75.19,87.02,10.14,174,13
1454,84.63,72.4,48.56,74.08,4.92,182,46
1455,62.14,60.63,76.92,79.19,17.43,139,24
1456,59.72,69.11,86.09,88.92,14.81,47,49
1457,71.27,96.47,52.01,99.13,13.75,111,24
1458,81.61,67.9,58.59,89.89,8.33,126,19
1459,50.42,73.68,48.13,64.23,9.2,43,40
1460,61.35,90.42,76.93,78.9,18.2,79,27
1461,83.33,83.39,52.12,72.96,7.53,72,13
1462,73.99,81.37,58.08,77.09,16.07,126,28
1463,62.29,86.72,88.64,83.1,9.14,41,43
1464,92.13,68.94,51.53,69.88,5.14,175,27
1465,57.27,98.72,70.44,96.56,5.82,133,13
1466,52.47,61.65,85.04,91.79,15.78,111,5
1467,59.9,73.88,71.02,61.34,9.01,39,15
1468,63.75,94.58,66.41,63.22,6.19,170,17
1469,71.94,97.01,78.15,74.96,10.05,54,17
1470,55.24,73.76,72.85,85.99,18.79,143,37
1471,59.35,98.09,42.74,78.61,16.63,183,41
1472,83.54,81.6,55.43,92.68,17.13,88,39
1473,66.47,94.46,76.46,76.95,5.85,112,3
1474,77.78,93.4,77.55,85.43,2.24,82,8
1475,68.45,77.68,81.21,83.17,19.0,103,26
1476,95.46,87.68,64.5,90.63,12.49,163,36
1477,73.17,90.14,94.89,82.07,17.15,121,38
1478,81.99,77.34,74.23,71.52,11.96,12,1
1479,84.49,66.71,76.19,65.7,5.33,188,45
1480,62.03,95.72,75.0,82.16,9.62,126,29
1481,51.48,60.26,62.8,79.33,7.87,129,39
1482,91.17,71.55,43.52,61.16,15.14,144,11
1483,95.47,76.77,72.24,92.07,7.0,95,42
1484,59.29,62.79,75.5,65.56,3.05,198,4
1485,84.39,82.64,69.99,79.93,1.33,159,9
1486,84.76,84.08,79.66,84.85,13.23,117,38
1487,61.86,92.36,93.82,81.9,15.83,147,47
1488,72.03,94.26,91.21,61.48,15.63,40,23
1489,89.31,96.56,58.97,82.35,10.04,83,8
1490,78.95,61.84,58.86,91.01,19.9,11,28
1491,91.6,60.81,87.15,89.04,1.11,130,46
1492,70.91,77.4,64.21,70.99,2.42,49,43
1493,87.88,91.75,76.3,88.31,10.6,50,43
1494,50.58,76.9,82.56,73.02,14.08,21,28
1495,71.03,79.56,79.1,66.75,15.34,46,28
1496,77.73,65.65,62.87,92.57,16.73,122,10
1497,93.84,75.09,81.9,67.04,4.08,48,22
1498,96.65,65.43,76.89,87.6,17.36,163,3
1499,67.24,70.42,80.7,61.9,3.8,120,0
1500,92.04,76.86,44.12,72.16,10.01,125,29
1501,83.27,96.12,90.79,66.22,17.63,50,42
1502,87.62,65.19,67.08,74.08,3.53,126,5
1503,92.28,98.1,87.33,81.65,10.01,175,45
1504,95.77,96.78,79.64,93.51,12.18,11,7
1505,78.51,79.35,90.85,97.74,4.36,104,25
1506,80.82,75.2,83.45,85.65,13.7,103,11
1507,81.41,98.09,43.46,98.49,1.68,42,45
1508,70.64,81.15,50.08,90.18,18.33,56,13
1509,54.25,86.37,69.09,72.04,15.12,58,29
1510,62.65,98.53,43.14,67.9,7.86,124,11
1511,79.62,78.79,83.83,91.54,15.91,113,18
1512,51.67,93.09,74.37,83.28,13.14,62,22
1513,74.67,92.81,90.0,60.68,8.03,142,1
1514,94.16,93.91,81.15,71.95,4.5,190,34
1515,60.28,84.18,71.18,61.93,4.12,68,3
1516,91.32,89.0,43.54,87.37,8.9,150,41
1517,54.65,91.65,87.85,64.14,7.23,168,32
1518,84.94,77.29,46.13,82.1,12.4,76,1
1519,58.04,69.12,56.99,74.97,2.59,44,36
1520,54.8,78.01,81.51,61.54,4.13,56,46
1521,71.71,66.5,54.45,64.23,18.27,53,42
1522,88.17,65.39,93.17,73.15,10.83,53,0
1523,73.14,84.22,88.98,97.95,13.91,165,25
1524,77.61,81.74,89.42,90.77,2.85,106,45
1525,95.64,73.25,66.42,89.09,12.1,135,0
1526,97.47,64.98,68.53,98.87,6.58,62,37
1527,81.55,62.71,92.29,90.13,6.75,10,1
1528,76.94,93.24,72.12,96.16,1.91,183,7
1529,51.94,60.08,70.46,65.94,13.59,175,48
1530,91.65,74.93,53.47,75.13,9.98,11,2
1531,53.88,75.02,76.91,79.84,19.69,170,0
1532,70.03,93.09,91.99,74.78,12.51,113,32
1533,97.81,80.62,73.93,78.32,18.06,146,34
1534,60.36,64.94,66.64,64.79,8.7,101,35
1535,71.27,97.7,65.35,88.39,1.9,124,26
1536,60.84,83.15,51.32,70.01,5.59,33,39
1537,71.83,76.02,59.86,98.6,5.62,194,20
1538,90.13,72.16,74.48,85.14,4.69,134,27
1539,85.42,84.86,88.76,72.78,9.41,8,2
1540,61.13,63.86,57.41,73.06,11.74,159,2
1541,67.28,80.48,77.16,73.72,9.58,65,17
1542,51.65,91.96,69.44,93.34,17.2,165,9
1543,87.75,93.72,86.59,98.9,17.45,53,1
1544,82.67,90.13,44.39,65.82,16.93,88,37
1545,91.8,81.77,49.8,84.84,8.91,27,35
1546,77.26,63.8,81.25,80.17,8.26,107,48
1547,60.12,65.85,49.0,76.82,7.62,171,44
1548,89.18,96.16,84.46,83.55,12.21,142,26
1549,62.35,76.3,86.42,81.44,11.23,142,7
1550,53.4,84.73,47.87,91.42,2.88,198,31
1551,58.94,86.17,64.88,94.42,8.72,116,6
1552,52.71,79.81,94.98,90.02,5.41,172,39
1553,81.79,61.69,59.41,80.13,10.95,196,6
1554,57.57,77.25,64.71,73.03,16.43,89,0
1555,78.52,69.96,73.73,81.91,10.94,125,9
1556,67.83,87.73,51.9,76.83,5.83,187,8
1557,94.4,90.33,71.33,68.29,2.84,52,26
1558,62.32,98.26,41.97,96.54,4.64,143,44
1559,83.45,74.18,65.82,89.82,14.9,178,33
1560,71.18,75.57,77.53,60.91,17.76,126,3
1561,55.21,67.85,64.84,84.87,7.26,27,11
1562,86.41,63.77,45.82,88.37,7.41,68,48
1563,69.28,89.4,93.1,75.52,18.28,134,6
1564,95.34,95.83,53.11,81.6,13.04,194,13
1565,88.72,74.8,77.83,76.61,10.48,175,31
1566,97.83,83.27,94.43,94.59,18.44,106,45
1567,65.8,85.61,83.52,69.71,10.11,45,33
1568,65.66,93.67,71.96,61.78,1.85,145,24
1569,92.67,74.67,77.03,83.63,11.19,198,48
1570,60.31,74.36,42.1,65.08,15.45,184,45
1571,50.22,73.19,78.68,97.44,15.7,58,21
1572,72.95,64.11,70.51,70.39,12.99,148,38
1573,89.0,79.5,47.97,66.37,6.47,126,5
1574,84.58,79.46,44.32,76.4,12.81,16,15
1575,64.44,89.18,70.86,96.52,5.83,178,15
1576,72.09,85.18,45.79,88.64,5.8,184,6
1577,56.18,68.5,82.59,62.81,2.15,50,30
1578,86.01,84.72,64.66,89.7,18.43,115,42
1579,94.26,65.92,56.52,84.31,13.27,148,25
1580,83.73,91.45,46.13,67.67,5.13,80,46
1581,68.62,66.68,66.83,66.45,10.43,127,6
1582,51.86,73.02,57.79,79.62,15.92,69,22
1583,57.04,62.93,40.3,67.43,2.99,91,34
1584,60.35,97.1,68.5,94.68,2.09,34,3
1585,94.79,73.44,58.92,88.65,14.87,155,44
1586,85.14,82.13,42.84,95.84,12.27,174,31
1587,52.26,61.76,85.96,82.19,14.04,155,31
1588,62.59,65.57,57.9,66.38,16.66,179,33
1589,69.04,64.14,80.2,87.48,9.95,106,23
1590,58.45,72.05,66.02,80.06,18.47,99,22
1591,96.6,85.04,65.32,95.73,15.1,114,28
1592,70.71,69.09,87.81,99.09,19.38,60,39
1593,83.48,79.87,53.55,74.49,8.87,172,28
1594,69.8,74.2,87.31,82.97,17.68,32,17
1595,71.43,91.78,80.42,90.91,15.14,146,21
1596,82.94,65.86,49.53,88.49,14.15,76,43
1597,76.08,87.52,53.59,72.67,15.11,104,15
1598,63.58,73.84,45.69,94.32,14.52,102,32
1599,73.67,70.01,78.74,77.94,6.41,58,11
1600,68.05,63.18,49.22,96.0,15.48,56,18
1601,56.16,87.17,68.47,82.18,12.53,96,19
1602,79.91,80.82,46.11,98.63,17.3,189,4
1603,94.51,60.42,85.13,79.15,13.66,96,17
1604,70.61,75.57,76.02,95.47,13.98,41,31
1605,76.29,64.99,93.67,80.89,9.85,103,0
1606,77.24,65.4,84.94,81.79,15.48,102,44
1607,92.67,87.18,52.18,65.89,2.54,21,39
1608,64.06,96.84,64.8,89.1,10.53,94,47
1609,52.26,63.75,89.02,72.11,1.57,28,10
1610,72.05,62.15,50.56,96.3,7.93,113,6
1611,67.25,83.01,83.3,73.68,2.15,41,28
1612,74.64,64.19,80.22,78.3,7.97,117,29
1613,66.23,77.34,66.82,66.4,15.69,32,40
1614,91.13,78.42,82.84,80.51,13.27,48,48
1615,92.27,70.49,48.27,96.98,4.84,81,4
1616,71.0,68.58,75.59,99.1,3.18,59,32
1617,61.11,72.08,46.52,89.04,19.2,16,14
1618,80.69,87.82,89.33,64.27,8.81,22,1
1619,69.7,89.23,49.9,91.7,17.77,66,13
1620,50.46,71.36,51.11,72.09,14.6,127,16
1621,54.32,70.64,71.93,77.4,2.31,183,24
1622,75.97,77.44,46.95,69.46,17.05,36,45
1623,71.95,60.87,74.31,80.87,3.77,50,47
1624,78.69,95.6,42.26,92.43,11.67,130,17
1625,63.71,71.34,57.13,92.61,17.17,96,35
1626,54.85,62.4,88.31,88.58,2.44,83,23
1627,90.4,92.99,88.58,70.38,13.42,89,30
1628,54.43,66.34,50.64,99.12,4.18,15,8
1629,82.99,64.05,46.33,95.72,1.78,168,28
1630,79.78,83.93,50.83,86.02,3.94,28,42
1631,68.04,61.1,69.33,61.75,7.42,78,16
1632,50.79,77.19,66.2,98.19,7.9,25,39
1633,61.99,82.9,93.18,84.32,5.33,6,22
1634,89.72,96.56,71.9,89.97,19.8,175,49
1635,78.13,75.34,61.5,94.99,11.85,56,1
1636,53.31,83.15,94.17,69.9,14.5,40,16
1637,57.16,87.3,65.52,98.44,4.41,169,12
1638,73.39,70.69,93.18,99.07,18.99,178,27
1639,68.38,65.97,59.3,67.72,11.87,118,16
1640,73.3,66.59,72.77,83.99,4.69,130,38
1641,65.5,78.16,73.19,93.51,14.2,33,8
1642,75.32,72.34,85.47,61.41,2.34,198,0
1643,89.52,82.32,83.11,75.27,17.54,49,36
1644,80.83,66.55,61.49,94.84,17.24,43,17
1645,89.04,91.58,54.21,61.3,16.61,95,12
1646,51.02,93.49,61.74,67.26,15.35,190,11
1647,89.1,69.03,82.52,90.27,13.25,184,23
1648,56.48,88.55,55.91,66.13,5.6,89,15
1649,88.99,77.35,81.14,83.31,9.72,189,40
1650,66.46,78.65,40.58,76.44,7.3,110,18
1651,87.12,89.71,42.59,94.57,18.25,66,9
1652,90.73,95.37,50.04,98.13,15.96,51,24
1653,50.74,97.29,91.31,76.05,10.31,195,47
1654,78.53,93.77,83.92,77.28,14.47,87,16
1655,72.82,85.57,56.44,74.89,17.29,164,5
1656,85.66,73.9,58.83,70.14,14.78,150,1
1657,54.96,64.71,93.46,85.39,8.37,96,47
1658,67.98,80.23,80.0,74.02,6.25,194,45
1659,84.44,64.53,84.35,61.75,13.84,32,10
1660,82.24,62.89,81.0,80.02,4.99,59,2
1661,94.4,69.28,94.48,81.54,15.3,26,0
1662,60.25,77.57,53.76,73.98,1.78,199,19
1663,94.54,98.47,60.45,87.15,13.77,110,20
1664,54.31,66.64,60.93,83.69,17.4,68,33
1665,72.54,64.39,44.77,95.95,15.92,59,27
1666,69.2,90.52,80.32,92.34,8.4,65,39
1667,90.78,88.2,72.0,99.05,5.01,103,29
1668,97.19,86.42,69.76,61.52,9.18,49,21
1669,96.05,93.74,70.18,61.55,10.08,172,42
1670,63.99,81.44,42.33,75.21,16.79,71,9
1671,59.41,69.34,67.09,97.8,9.85,150,16
1672,93.73,92.93,79.83,82.96,11.97,44,28
1673,71.64,68.81,59.4,90.61,2.71,180,42
1674,66.03,80.96,79.16,62.96,2.46,18,27
1675,97.93,81.82,41.8,86.39,12.8,65,15
1676,70.98,60.19,89.05,86.82,10.99,40,41
1677,68.67,91.87,62.49,90.68,17.02,199,32
1678,55.87,80.66,79.79,76.01,11.36,155,15
1679,74.28,85.58,52.3,77.94,13.33,132,42
1680,61.2,96.75,87.6,70.44,12.46,19,10
1681,78.63,84.03,73.6,72.96,6.02,144,5
1682,56.06,85.98,57.68,99.98,19.8,7,35
1683,61.08,73.19,47.5,95.75,18.49,148,14
1684,66.46,79.37,70.12,82.73,16.1,164,48
1685,54.29,98.71,46.46,95.15,4.12,190,43
1686,56.71,91.54,65.95,61.84,14.27,182,28
1687,54.21,67.97,57.06,70.57,10.89,66,45
1688,60.68,92.37,43.69,62.0,5.9,186,25
1689,97.64,89.17,80.69,84.89,12.11,136,27
1690,92.22,95.77,75.21,65.79,13.71,199,18
1691,92.87,75.4,57.71,63.15,18.15,25,15
1692,64.85,80.9,89.01,78.9,2.03,37,25
1693,93.69,64.46,61.25,97.3,17.95,16,43
1694,77.95,92.97,50.16,61.3,11.7,189,12
1695,51.08,80.09,88.42,67.5,10.29,35,15
1696,82.24,93.9,46.01,92.14,19.28,36,29
1697,72.83,78.88,71.92,88.21,12.39,68,25
1698,79.38,87.84,87.83,95.53,3.41,6,0
1699,72.8,75.58,86.68,93.25,14.29,126,22
1700,88.07,73.62,93.31,70.69,14.9,149,48
1701,84.55,88.28,89.83,85.26,10.91,110,23
1702,76.76,98.27,78.85,65.06,1.12,149,43
1703,64.43,88.45,72.14,93.52,18.65,179,18
1704,66.21,78.14,44.71,73.47,17.38,77,27
1705,71.58,74.72,59.71,79.41,13.56,98,3
1706,54.81,75.92,68.57,77.01,6.33,131,32
1707,65.28,80.45,58.03,81.53,8.61,179,1
1708,60.98,73.31,53.56,77.01,11.57,36,42
1709,76.11,63.67,43.44,73.75,16.42,32,47
1710,50.19,91.38,41.15,87.48,13.71,58,48
1711,87.18,86.8,55.44,94.34,17.97,46,27
1712,86.61,72.18,87.72,76.23,4.58,73,9
1713,64.27,86.03,61.84,96.74,18.56,183,15
1714,87.57,73.21,62.72,62.45,8.99,49,9
1715,89.92,71.55,82.44,96.11,18.61,78,40
1716,95.52,69.64,66.59,86.43,7.53,125,15
1717,66.35,82.28,80.39,76.48,3.97,92,29
1718,56.23,63.23,63.77,68.32,17.67,94,30
1719,56.97,89.27,66.0,86.47,5.54,45,11
1720,91.96,78.87,67.54,73.01,17.6,24,1
1721,89.99,80.14,63.74,73.63,10.19,96,5
1722,65.18,68.04,75.81,83.92,18.32,189,21
1723,63.08,85.41,66.24,78.62,6.99,172,6
1724,66.82,73.82,86.12,96.67,6.85,152,11
1725,64.53,82.21,50.33,83.78,8.25,179,37
1726,83.93,98.38,94.06,61.37,2.95,7,32
1727,75.6,95.38,81.51,96.36,13.05,10,11
1728,66.63,84.19,51.18,60.57,1.24,16,20
1729,72.69,66.98,48.85,85.95,3.26,177,19
1730,80.93,64.28,80.02,91.49,13.5,129,6
1731,62.28,93.59,89.83,63.33,15.48,156,14
1732,53.45,97.9,68.14,75.43,11.63,48,2
1733,61.58,76.51,72.54,83.02,19.19,65,19
1734,64.31,63.74,84.74,99.29,14.8,144,4
1735,65.52,85.79,92.0,65.11,6.75,54,7
1736,53.13,85.48,57.35,62.5,15.85,168,6
1737,59.59,86.75,51.45,69.03,3.16,176,8
1738,54.15,69.66,64.34,97.38,10.97,120,0
1739,84.52,87.68,75.73,66.22,16.24,153,8
1740,95.8,74.21,93.73,96.2,3.29,172,21
1741,74.35,97.87,83.91,80.98,7.53,199,16
1742,66.68,65.68,91.32,83.62,15.36,57,28
1743,52.71,91.44,85.18,92.03,7.6,101,9
1744,78.67,90.16,63.48,66.41,9.13,68,25
1745,56.32,82.98,50.81,97.02,18.19,157,26
1746,56.26,80.4,72.01,65.22,19.96,36,26
1747,53.39,79.75,55.47,80.53,7.44,156,49
1748,96.58,70.44,68.67,90.14,3.75,115,9
1749,84.48,73.55,64.28,77.76,11.52,172,6
1750,69.23,87.88,69.52,86.6,4.37,69,10
1751,62.84,98.24,83.82,71.67,17.26,96,5
1752,50.8,65.85,73.68,67.6,18.08,130,4
1753,60.41,63.22,67.36,81.98,4.98,192,4
1754,80.73,94.11,48.24,90.35,16.86,183,39
1755,92.73,91.67,75.26,94.71,12.66,110,26
1756,71.51,65.5,58.76,84.02,5.03,86,35
1757,66.62,64.79,83.6,72.55,18.55,193,34
1758,88.29,67.83,81.34,88.09,11.15,160,30
1759,91.22,68.7,57.05,93.75,6.1,82,29
1760,62.6,90.65,72.86,90.31,10.79,189,18
1761,52.98,75.31,92.18,98.94,17.36,92,16
1762,55.63,93.16,77.28,65.2,3.44,7,47
1763,76.51,96.86,92.86,93.15,2.88,12,25
1764,79.55,88.19,64.4,85.08,19.28,115,22
1765,96.52,82.85,46.41,81.65,11.52,141,8
1766,68.27,80.76,82.91,83.64,4.74,45,32
1767,64.03,97.78,54.78,86.66,3.4,172,3
1768,91.36,71.07,52.17,99.21,9.94,147,15
1769,50.24,69.33,86.34,72.45,12.36,137,6
1770,70.5,79.34,41.66,83.85,15.22,8,19
1771,53.89,66.12,80.23,62.31,11.68,5,29
1772,62.68,83.99,62.13,79.67,16.16,81,16
1773,90.45,61.11,50.81,80.9,13.01,52,24
1774,61.8,79.54,41.78,74.76,5.98,53,45
1775,80.09,84.73,86.8,69.11,13.96,186,36
1776,87.34,68.75,80.41,92.69,10.67,109,47
1777,88.73,66.9,81.52,94.13,16.78,87,5
1778,93.56,73.69,86.17,92.79,17.69,41,23
1779,64.48,68.42,93.47,66.27,4.7,135,35
1780,97.87,78.89,72.52,82.78,5.83,16,27
1781,67.89,95.61,58.31,79.21,4.37,75,6
1782,70.85,65.95,46.87,63.22,13.55,58,48
1783,91.51,84.71,49.82,65.4,14.26,64,43
1784,71.58,91.73,67.89,66.76,13.12,181,41
1785,74.01,83.52,52.84,91.61,4.48,42,18
1786,74.88,76.83,82.65,65.74,15.85,123,22
1787,72.44,64.16,45.0,96.74,9.09,89,42
1788,74.23,61.69,46.91,83.03,3.5,160,42
1789,93.02,75.58,46.94,90.71,12.57,65,21
1790,53.46,68.22,52.47,85.67,7.46,99,49
1791,54.08,90.14,44.69,67.31,2.99,81,2
1792,63.35,95.91,91.33,96.52,15.48,13,35
1793,55.01,79.11,69.09,61.06,4.07,118,43
1794,54.16,74.96,47.24,64.69,5.51,178,10
1795,64.45,90.82,73.37,97.52,19.52,30,31
1796,93.46,77.18,76.66,83.93,16.04,161,13
1797,86.15,60.01,41.67,84.71,12.47,127,9
1798,89.29,96.71,47.72,78.06,18.85,110,28
1799,74.03,62.08,54.47,97.81,12.17,108,13
1800,89.78,86.99,83.4,76.66,14.78,145,46
1801,57.03,62.55,82.44,94.53,14.17,57,8
1802,55.12,81.46,45.5,61.63,2.23,139,19
1803,77.94,94.48,83.5,72.47,13.68,172,37
1804,56.66,86.34,77.69,99.37,16.74,6,6
1805,63.18,88.1,50.64,68.94,8.66,70,8
1806,57.39,88.88,61.85,80.31,17.37,76,12
1807,54.63,94.67,85.8,95.48,19.73,177,33
1808,58.61,79.02,83.09,82.97,8.89,89,1
1809,50.53,93.6,91.06,89.91,16.73,90,32
1810,70.87,97.79,78.56,63.07,12.35,48,38
1811,85.53,72.01,66.8,95.23,3.98,67,5
1812,52.97,79.7,75.65,90.35,12.2,176,24
1813,85.24,63.4,73.69,65.06,10.51,66,37
1814,70.97,84.86,52.47,64.27,1.57,159,1
1815,86.3,62.03,93.6,78.77,1.01,183,30
1816,89.95,66.32,69.93,65.13,5.11,164,1
1817,79.81,80.52,84.92,84.93,8.81,99,17
1818,94.51,74.14,42.23,81.73,11.26,92,18
1819,89.7,65.1,85.34,92.51,8.44,44,19
1820,91.43,69.06,42.65,64.84,3.99,68,25
1821,58.91,89.67,53.87,65.75,3.95,103,38
1822,55.16,79.78,56.21,66.36,1.7,45,39
1823,51.79,90.6,42.27,94.38,4.35,21,11
1824,78.3,62.98,89.33,93.37,3.94,127,8
1825,66.62,66.41,80.05,65.69,7.53,81,32
1826,78.57,76.42,89.51,85.31,14.21,68,20
1827,97.51,64.7,43.92,72.75,4.57,102,21
1828,66.65,78.5,79.32,66.32,3.0,158,36
1829,69.47,77.73,68.73,95.58,4.45,113,7
1830,94.69,91.98,53.46,88.54,1.0,191,27
1831,87.43,95.17,43.87,62.19,5.1,115,4
1832,88.87,89.31,88.24,97.02,18.57,123,29
1833,51.74,93.18,55.42,70.4,9.72,160,37
1834,75.43,91.16,94.98,99.81,5.4,61,46
1835,50.59,63.41,73.02,96.71,10.85,107,8
1836,60.72,75.6,89.37,80.34,11.46,130,6
1837,77.96,65.43,59.03,73.44,18.02,90,37
1838,88.38,85.96,65.31,85.45,2.2,15,7
1839,65.63,72.03,71.81,69.95,15.93,13,39
1840,54.4,86.76,64.43,65.84,15.94,77,34
1841,61.6,86.98,55.42,98.23,14.48,75,6
1842,64.8,68.25,88.67,96.35,10.28,115,3
1843,93.77,64.08,67.24,70.51,2.91,76,23
1844,86.27,91.06,49.9,74.77,3.58,38,32
1845,69.52,91.57,78.92,74.62,16.49,134,46
1846,81.53,68.05,45.2,70.72,15.69,10,9
1847,70.13,77.79,54.58,76.73,2.2,127,44
1848,65.9,79.7,79.92,71.52,18.04,196,20
1849,72.85,75.72,80.19,81.39,12.39,142,35
1850,64.7,79.38,50.92,98.72,5.9,155,31
1851,81.47,64.19,40.42,69.37,2.11,20,17
1852,91.47,75.5,62.53,87.68,13.97,196,35
1853,66.09,89.27,90.87,66.24,12.71,42,25
1854,59.62,80.57,41.22,79.91,17.5,111,43
1855,90.46,94.85,43.27,93.34,9.78,96,15
1856,78.2,74.89,76.76,67.71,8.38,179,7
1857,86.18,95.87,88.59,88.11,18.37,159,15
1858,91.21,98.59,84.59,98.47,12.81,13,27
1859,76.92,88.24,42.47,61.74,10.34,154,20
1860,79.46,83.44,90.06,89.89,15.11,166,41
1861,89.88,87.46,48.71,99.41,18.96,98,3
1862,78.7,65.16,47.67,60.03,7.82,68,47
1863,73.89,95.39,87.09,99.61,5.88,69,34
1864,67.83,79.33,50.58,82.21,7.16,75,24
1865,60.91,90.96,71.27,78.15,13.96,123,34
1866,60.83,86.76,44.22,97.6,8.82,107,26
1867,76.24,85.58,43.79,94.53,12.95,22,28
1868,50.89,95.89,91.23,61.75,5.79,43,15
1869,80.27,92.4,58.68,83.56,16.37,48,0
1870,52.57,61.16,86.27,79.06,17.88,148,37
1871,91.47,92.81,63.03,87.56,11.8,49,17
1872,87.39,84.49,77.09,65.46,2.6,126,20
1873,67.16,60.26,89.86,68.72,17.5,56,20
1874,80.97,85.54,81.8,66.81,8.81,13,0
1875,59.82,89.98,70.3,89.93,19.67,194,41
1876,81.03,65.76,52.53,62.69,9.52,173,22
1877,90.85,81.66,66.03,64.4,3.92,163,34
1878,58.88,93.52,48.26,73.19,9.5,9,12
1879,94.31,94.19,50.23,98.73,11.0,55,42
1880,77.57,64.31,68.76,99.5,4.34,178,44
1881,71.5,78.33,69.55,95.27,14.91,6,14
1882,90.22,73.1,48.3,61.62,8.68,78,42
1883,56.26,67.81,89.87,76.23,9.73,80,41
1884,55.3,92.16,88.3,78.37,12.63,97,42
1885,92.72,87.58,76.71,79.97,8.38,190,31
1886,55.38,84.8,44.47,91.33,16.33,44,46
1887,79.83,95.24,61.93,68.6,3.7,74,43
1888,70.84,87.2,73.87,90.64,6.99,109,47
1889,60.43,84.31,64.74,78.91,15.83,148,35
1890,63.38,94.25,81.42,71.19,13.08,36,11
1891,92.3,94.95,50.01,80.35,14.32,26,35
1892,73.82,98.08,92.31,83.19,9.06,54,8
1893,60.2,89.43,85.63,96.76,5.3,11,6
1894,83.31,74.44,73.64,82.38,13.58,57,20
1895,65.09,94.08,80.7,98.26,18.21,103,25
1896,92.47,66.85,81.02,71.77,16.17,67,24
1897,92.46,79.61,79.35,70.94,18.3,67,47
1898,65.5,94.6,60.77,99.27,13.51,34,42
1899,90.68,78.88,57.04,98.95,13.95,107,13
1900,74.16,74.49,66.29,88.32,16.99,9,42
1901,60.12,82.24,42.04,67.49,10.86,96,12
1902,52.77,68.13,89.89,84.57,15.0,50,23
1903,76.41,82.28,77.87,94.26,3.41,135,35
1904,97.15,72.23,88.14,69.9,15.89,69,18
1905,79.72,65.1,49.57,66.63,1.06,169,0
1906,63.32,86.65,52.23,74.81,4.89,74,42
1907,91.8,67.11,92.48,69.66,10.36,37,17
1908,68.39,82.32,65.05,96.92,7.81,44,11
1909,67.12,68.96,74.08,90.02,14.47,98,46
1910,82.1,80.25,75.89,71.46,9.4,74,47
1911,75.53,65.36,51.35,72.09,17.28,47,1
1912,84.54,96.33,57.02,90.91,10.71,172,26
1913,89.35,88.82,79.74,73.01,16.51,95,29
1914,75.9,62.4,59.0,90.44,7.99,138,9
1915,96.68,70.94,55.39,68.41,8.79,132,41
1916,69.65,70.14,66.39,63.28,15.28,129,40
1917,86.66,75.57,46.39,74.37,8.53,34,25
1918,74.59,87.51,91.28,83.98,16.3,90,19
1919,69.71,78.29,52.18,61.59,5.82,127,17
1920,88.16,86.68,74.07,88.01,5.02,120,43
1921,67.87,79.72,89.62,67.74,5.46,92,13
1922,89.31,67.26,64.39,84.61,7.16,160,30
1923,62.57,97.31,44.37,63.57,5.99,49,39
1924,70.47,78.06,68.22,73.87,15.04,112,40
1925,75.02,76.75,74.17,91.49,13.03,149,31
1926,55.3,84.25,61.67,83.32,1.96,150,32
1927,71.0,73.04,67.42,71.28,12.67,176,41
1928,58.55,96.65,46.79,94.38,17.25,193,15
1929,55.36,64.16,93.43,86.26,6.09,43,10
1930,81.43,91.75,80.03,85.61,1.21,127,43
1931,80.47,63.17,48.14,86.95,1.47,117,8
1932,55.47,85.57,67.39,80.61,16.99,137,5
1933,65.7,72.33,62.48,62.31,2.65,25,27
1934,78.79,78.41,67.93,76.37,5.33,25,19
1935,55.56,91.4,91.8,72.82,12.09,187,44
1936,96.96,97.73,78.68,92.23,10.08,60,34
1937,96.13,90.88,47.89,89.96,7.54,80,37
1938,80.34,98.85,51.76,70.24,4.95,86,25
1939,59.93,70.2,81.6,71.44,2.97,80,40
1940,58.01,66.71,46.4,72.97,15.73,24,24
1941,56.58,73.0,79.51,81.69,17.79,155,47
1942,89.96,82.76,40.68,77.8,10.33,60,18
1943,57.44,63.87,50.11,67.39,17.4,70,32
1944,66.34,69.61,43.5,99.7,2.65,30,41
1945,88.42,83.92,84.89,97.81,8.81,22,44
1946,64.45,67.86,83.56,97.99,2.34,123,6
1947,57.7,62.45,87.79,85.1,7.43,22,29
1948,80.51,70.7,89.61,81.9,3.37,116,46
1949,76.47,61.77,78.36,74.43,9.07,109,37
1950,65.08,91.23,58.43,82.49,2.76,69,3
1951,87.62,88.27,70.53,61.92,16.38,43,24
1952,55.41,82.62,51.8,69.15,6.69,95,13
1953,53.67,75.99,42.75,98.54,3.63,12,28
1954,51.32,92.44,91.95,78.99,5.17,142,47
1955,95.98,90.31,74.81,93.94,14.31,137,32
1956,80.82,85.32,82.94,94.88,12.11,120,18
1957,59.95,87.94,57.97,99.35,15.93,170,3
1958,52.28,96.69,44.13,96.13,15.28,169,42
1959,90.39,81.0,46.86,67.67,11.45,92,26
1960,56.54,85.5,40.07,64.61,8.83,191,10
1961,97.01,83.22,75.64,73.65,16.58,152,10
1962,67.01,98.49,83.51,70.36,11.05,81,34
1963,81.4,67.19,58.16,81.18,7.67,67,46
1964,85.46,71.8,80.64,93.04,16.46,123,3
1965,61.81,80.28,56.5,90.92,6.42,98,19
1966,94.7,83.5,65.9,78.83,7.66,160,31
1967,70.41,85.48,64.81,98.22,10.64,184,10
1968,79.29,89.1,41.11,87.71,8.12,121,5
1969,91.66,97.75,43.5,86.39,13.14,173,42
1970,66.81,81.54,74.07,69.35,5.12,26,13
1971,88.97,74.48,69.55,90.57,2.57,104,28
1972,97.45,82.52,60.25,61.92,3.19,99,19
1973,87.79,74.48,90.67,93.51,6.11,196,26
1974,62.07,85.77,85.72,85.61,13.52,76,39
1975,51.15,79.58,57.88,66.03,18.21,140,3
1976,70.31,63.47,66.81,95.92,5.06,129,39
1977,61.85,69.04,61.63,89.52,7.76,74,7
1978,83.0,91.92,64.31,88.72,6.01,168,0
1979,55.38,75.54,94.97,66.72,8.16,118,12
1980,95.28,70.81,51.61,83.26,2.62,12,31
1981,81.48,93.02,43.07,74.14,2.0,12,10
1982,79.18,78.98,44.95,67.01,13.71,98,30
1983,51.66,78.11,53.63,76.01,10.34,197,30
1984,72.42,72.73,48.21,91.8,13.47,17,43
1985,86.9,78.43,77.7,82.01,4.19,150,4
1986,82.82,89.23,91.14,62.82,19.27,51,36
1987,57.41,96.11,50.08,82.81,9.64,189,2
1988,61.79,60.44,46.33,92.17,3.87,84,23
1989,91.56,65.79,78.05,79.89,19.07,124,0
1990,60.54,98.74,75.82,75.12,9.0,78,13
1991,83.54,98.58,50.53,92.4,11.94,74,38
1992,91.52,60.33,86.0,71.56,14.75,11,22
1993,95.53,68.16,63.09,87.27,13.44,16,21
1994,62.57,71.13,72.97,82.39,9.73,194,39
1995,91.24,87.5,81.22,81.07,10.45,176,24
1996,64.67,62.3,53.54,98.43,3.49,173,22
1997,92.27,78.34,46.87,75.68,8.76,84,17
1998,61.07,90.73,86.12,67.31,9.18,90,10
1999,54.39,98.96,56.69,89.67,1.26,185,10
2000,57.72,93.33,62.5,89.84,5.81,99,28
2001,61.61,71.26,47.21,81.12,17.9,145,2
2002,95.56,84.4,53.42,90.75,2.35,60,10
2003,59.76,79.45,83.54,88.45,13.65,178,20
2004,90.09,62.18,53.09,82.95,9.5,66,44
2005,87.18,72.0,70.61,70.93,4.04,93,34
2006,97.82,81.28,76.34,72.09,2.58,11,24
2007,97.6,92.0,45.98,86.9,19.62,84,13
2008,87.87,81.79,81.52,71.9,8.1,12,38
2009,53.26,66.39,62.36,63.34,19.63,67,41
2010,63.84,73.76,50.29,79.02,1.78,186,27
2011,73.66,85.65,77.61,70.61,4.02,36,7
2012,76.8,78.86,93.15,87.42,7.08,5,9
2013,81.25,83.74,70.9,88.37,8.09,42,42
2014,55.8,76.18,70.97,90.51,12.33,47,10
2015,95.41,93.96,86.77,71.91,17.38,160,31
2016,93.91,83.84,65.32,90.92,15.93,14,2
2017,73.17,79.22,87.59,75.16,6.59,133,41
2018,93.56,68.02,45.63,94.61,2.93,21,39
2019,93.05,72.1,79.52,65.17,6.02,136,14
2020,76.39,97.61,58.65,83.45,9.8,166,33
2021,69.51,66.12,78.07,72.68,4.15,96,14
2022,96.23,88.75,58.64,90.57,10.64,33,29
2023,62.53,84.26,79.04,75.59,17.49,54,4
2024,82.37,88.28,81.58,84.7,15.61,195,31
2025,63.95,60.16,63.68,73.85,18.46,18,40
2026,61.89,77.22,52.59,80.81,19.23,187,32
2027,51.59,88.23,69.59,67.24,4.26,63,39
2028,95.76,66.77,86.03,79.04,15.03,123,14
2029,52.14,88.32,44.85,94.46,13.66,110,27
2030,55.67,86.46,81.52,96.86,8.53,51,48
2031,67.92,78.24,62.85,62.34,4.64,158,41
2032,89.38,83.9,83.6,70.22,5.29,114,41
2033,95.97,90.75,40.23,64.45,18.59,144,36
2034,95.66,63.07,68.63,77.27,2.0,104,25
2035,93.94,79.18,52.65,60.96,9.96,178,22
2036,62.59,77.1,76.49,78.79,1.48,23,11
2037,97.66,94.51,63.97,72.09,2.6,141,25
2038,51.09,96.55,51.92,72.09,19.48,168,48
2039,71.52,63.31,91.21,99.9,18.74,97,10
2040,80.38,90.95,82.45,75.33,7.02,108,12
2041,94.47,85.23,85.13,91.41,7.02,194,14
2042,87.98,91.33,77.3,73.9,19.14,119,39
2043,97.01,80.87,84.41,65.55,16.91,139,31
2044,78.67,87.49,74.79,65.82,17.31,112,2
2045,60.74,60.68,84.66,79.7,8.99,5,24
2046,72.21,72.85,71.97,89.43,13.71,93,28
2047,72.63,73.65,74.24,64.18,6.32,93,14
2048,73.19,89.74,59.28,99.02,14.64,179,1
2049,89.89,91.97,90.39,87.38,13.52,162,0
2050,89.32,91.36,85.34,92.76,6.51,153,17
2051,97.53,85.07,84.25,74.33,18.17,84,0
2052,69.51,81.75,48.9,74.83,1.4,68,15
2053,91.92,85.95,85.43,96.68,15.72,76,46
2054,79.7,90.42,76.38,79.33,13.62,169,48
2055,54.52,98.17,92.91,71.25,15.29,76,41
2056,97.73,97.66,84.23,62.26,16.27,43,46
2057,77.07,90.02,57.11,78.11,6.72,132,22
2058,97.88,84.99,82.35,86.32,11.06,189,9
2059,65.86,88.52,55.66,72.66,9.25,137,31
2060,69.87,72.44,51.18,75.14,16.57,110,34
2061,55.19,60.1,91.05,87.19,18.14,76,48
2062,67.98,70.08,77.43,61.79,2.23,58,49
2063,84.18,95.93,68.0,95.46,14.26,73,26
2064,61.46,60.65,66.25,87.22,2.85,189,0
2065,57.42,77.37,43.42,90.47,3.7,164,43
2066,86.65,96.97,77.32,67.11,3.46,190,26
2067,59.86,97.11,41.2,79.74,19.14,169,15
2068,58.74,95.33,65.9,61.69,13.8,33,44
2069,55.73,62.46,80.34,61.3,15.25,160,14
2070,51.15,63.55,42.13,69.88,11.46,92,23
2071,88.3,96.72,46.98,94.62,17.9,103,26
2072,66.25,82.92,72.17,85.07,1.1,97,28
2073,67.85,83.29,83.71,90.38,12.79,195,7
2074,82.74,82.35,62.39,72.24,18.24,75,26
2075,89.22,65.52,66.33,73.02,18.37,68,11
2076,63.68,77.85,47.86,91.91,15.56,161,8
2077,75.46,79.9,94.11,94.29,13.13,102,18
2078,61.35,70.24,80.41,84.47,2.52,24,47
2079,74.54,88.3,46.52,79.4,3.55,126,42
2080,77.36,70.1,47.28,79.04,2.09,11,46
2081,55.24,83.3,79.71,95.29,14.72,48,18
2082,50.4,84.48,53.77,87.36,5.26,47,28
2083,80.22,81.39,56.38,85.1,2.01,67,9
2084,64.1,94.72,52.9,99.41,2.53,148,10
2085,93.82,71.62,65.34,64.65,11.0,188,15
2086,93.18,83.65,87.78,84.1,14.84,101,14
2087,92.74,76.18,59.25,83.66,2.7,110,19
2088,87.66,70.28,68.1,75.13,7.05,48,21
2089,72.68,93.84,60.25,72.18,3.42,196,23
2090,50.71,70.5,40.14,89.0,2.79,153,3
2091,67.5,65.91,67.25,78.2,11.9,32,30
2092,71.58,79.45,55.22,65.71,10.71,55,42
2093,74.27,71.9,59.68,88.12,8.02,123,46
2094,91.03,75.79,42.56,72.12,9.07,92,26
2095,95.08,87.58,92.53,85.1,2.2,65,3
2096,53.21,78.35,58.12,63.47,9.94,32,8
2097,74.07,67.78,76.42,90.93,2.13,58,38
2098,66.29,71.69,76.22,78.38,4.03,137,14
2099,70.54,77.99,84.94,95.72,6.58,17,19
2100,80.0,83.18,52.56,76.1,16.98,9,4
2101,97.37,94.01,76.59,95.55,17.56,185,47
2102,73.05,81.79,55.76,81.94,3.1,104,44
2103,65.12,78.4,65.84,76.98,10.27,173,32
2104,81.61,70.85,65.96,81.36,9.57,191,6
2105,51.06,88.57,68.52,75.41,4.54,104,43
2106,70.11,80.38,88.24,96.43,8.7,194,21
2107,64.75,95.5,87.62,63.56,12.95,117,32
2108,87.07,65.16,86.57,98.32,14.54,94,9
2109,70.71,70.72,68.92,80.28,4.02,104,48
2110,56.9,67.43,64.14,85.02,9.43,170,24
2111,86.99,60.08,59.82,68.41,11.01,81,39
2112,90.81,85.96,62.05,84.3,18.91,39,8
2113,95.32,81.02,77.98,86.3,16.83,157,16
2114,89.43,62.54,42.95,98.57,16.76,48,26
2115,58.8,96.08,77.11,90.46,5.05,31,12
2116,56.98,94.22,78.35,96.36,8.13,170,21
2117,73.37,93.79,71.86,95.42,4.14,36,10
2118,81.46,92.86,60.88,76.31,16.68,189,39
2119,95.12,94.27,65.91,79.05,8.03,136,32
2120,92.69,97.35,65.86,99.2,14.74,115,21
2121,58.75,73.52,56.48,85.6,8.54,143,17
2122,86.11,98.69,92.76,65.66,16.19,39,3
2123,59.91,84.04,75.89,76.51,3.48,9,48
2124,76.83,91.11,42.74,87.09,17.16,108,39
2125,79.55,62.69,60.71,91.41,16.56,68,7
2126,73.23,93.72,69.75,93.1,2.44,20,21
2127,82.39,91.61,89.15,89.07,10.83,146,23
2128,70.39,79.19,47.08,90.86,5.42,150,23
2129,61.97,66.59,94.57,98.41,17.01,148,35
2130,53.75,70.6,77.56,87.15,6.87,176,18
2131,58.93,62.83,66.18,97.8,10.88,195,11
2132,60.98,70.14,73.94,83.77,13.88,28,20
2133,84.8,97.41,57.51,88.86,13.48,126,45
2134,52.46,97.79,73.97,69.88,3.54,183,34
2135,59.09,60.68,47.05,93.87,12.72,132,9
2136,74.46,71.28,94.08,86.57,3.36,35,20
2137,96.69,70.21,69.73,91.66,2.3,160,25
2138,79.09,87.27,52.52,91.09,13.98,41,6
2139,97.99,64.08,60.09,77.62,18.67,187,0
2140,63.17,72.04,60.19,62.77,9.64,20,48
2141,72.59,76.13,40.7,68.74,12.88,138,14
2142,55.46,80.85,86.53,83.98,16.37,162,41
2143,92.05,86.88,40.31,63.71,17.46,55,2
2144,50.26,71.72,61.01,82.62,8.59,52,20
2145,75.82,96.96,46.58,90.78,5.52,37,11
2146,74.38,88.68,74.22,73.63,18.28,158,16
2147,72.6,93.21,81.79,89.72,13.16,169,0
2148,61.83,60.74,91.09,65.28,15.34,147,17
2149,82.45,94.56,49.6,60.9,6.45,116,4
2150,64.42,96.1,60.57,72.45,2.76,139,13
2151,89.83,84.22,68.78,85.86,18.47,99,14
2152,79.47,80.34,75.57,69.72,3.31,151,15
2153,64.97,95.24,71.34,87.04,19.93,8,0
2154,87.89,93.87,79.55,75.53,14.21,52,35
2155,61.89,88.91,82.19,90.74,16.42,166,4
2156,58.32,72.02,93.99,96.27,4.08,47,7
2157,67.72,84.56,79.29,94.83,14.75,177,30
2158,93.14,61.44,69.02,94.99,5.84,151,22
2159,74.99,74.34,62.38,72.55,18.89,43,30
2160,80.26,87.88,58.01,70.05,8.86,73,40
2161,86.61,97.71,70.37,88.11,1.6,161,15
2162,73.39,90.31,66.85,90.7,3.14,104,33
2163,63.64,61.09,85.66,85.08,5.06,191,36
2164,83.17,79.59,46.57,82.18,19.73,98,32
2165,86.23,94.74,52.79,81.32,10.25,139,31
2166,59.81,63.73,52.57,90.03,13.16,120,6
2167,52.77,97.3,67.66,61.47,3.52,137,11
2168,71.66,77.32,70.92,92.19,7.26,84,34
2169,51.24,81.12,44.81,70.32,6.33,60,8
2170,97.34,72.11,68.57,81.85,15.2,52,5
2171,65.48,63.84,42.09,64.86,6.4,31,47
2172,81.64,82.92,88.1,94.41,1.5,162,23
2173,53.09,62.43,53.68,64.2,4.26,136,18
2174,80.67,77.43,76.21,86.95,3.21,35,48
2175,52.21,93.51,52.64,90.15,11.87,102,22
2176,68.54,65.1,78.46,71.0,16.1,80,21
2177,88.25,70.35,86.49,96.19,19.57,90,31
2178,57.55,63.52,60.13,67.42,14.47,152,3
2179,53.95,86.47,78.7,93.64,6.77,9,24
2180,71.16,94.35,61.2,74.59,19.13,93,3
2181,64.08,85.2,41.56,88.7,14.67,152,47
2182,65.14,78.6,63.91,82.75,5.21,148,4
2183,50.25,62.12,67.43,64.74,8.81,144,47
2184,92.52,82.26,92.33,63.6,7.8,175,12
2185,71.37,92.24,61.66,65.55,12.45,180,9
2186,87.14,62.86,85.0,81.83,19.61,68,27
2187,76.79,76.8,90.32,76.13,9.42,135,47
2188,96.18,87.62,47.03,94.32,12.44,111,11
2189,66.31,63.43,45.18,86.47,4.33,124,33
2190,76.0,77.02,82.25,91.15,3.18,12,24
2191,80.6,79.19,90.77,92.65,1.32,172,5
2192,61.27,69.5,63.79,97.24,19.85,115,19
2193,97.19,85.86,69.07,68.44,6.22,58,25
2194,91.95,72.02,77.27,80.83,17.43,170,45
2195,75.1,82.37,52.37,95.91,4.18,151,13
2196,90.54,70.58,64.01,77.26,17.18,103,13
2197,92.52,87.13,90.0,68.93,8.04,40,3
2198,87.2,74.72,65.21,96.17,8.09,139,7
2199,53.36,81.9,45.74,67.76,6.11,73,46
2200,76.94,73.28,57.18,60.68,1.26,19,3
2201,97.36,70.38,71.36,61.51,13.21,38,3
2202,70.51,90.75,43.84,87.68,4.82,78,2
2203,50.38,64.31,64.75,62.86,19.55,190,1
2204,81.32,72.72,88.01,64.62,1.44,48,13
2205,73.24,80.66,46.85,78.56,17.05,112,25
2206,78.28,82.29,61.33,77.2,18.0,105,2
2207,77.71,71.2,92.25,95.23,6.58,120,20
2208,88.33,62.57,93.22,85.95,1.13,45,30
2209,85.26,92.08,80.62,92.73,15.57,81,42
2210,64.45,72.52,93.61,70.58,5.52,115,30
2211,66.85,86.92,90.36,82.54,3.34,137,34
2212,62.76,60.5,74.64,78.37,17.02,167,3
2213,59.28,95.97,61.33,75.43,2.73,133,18
2214,88.54,65.43,82.55,91.79,12.5,164,22
2215,90.75,68.82,61.68,71.98,4.73,175,0
2216,75.87,61.37,41.09,86.57,15.49,82,19
2217,60.65,68.17,93.63,79.58,5.18,197,12
2218,77.43,82.76,69.28,96.32,15.01,123,20
2219,92.23,85.07,40.43,80.25,14.78,113,36
2220,60.47,73.37,75.05,82.24,17.84,26,37
2221,86.75,88.87,56.24,62.91,16.02,181,16
2222,67.87,64.45,52.71,64.78,18.69,93,23
2223,97.67,76.1,47.18,98.98,13.23,109,17
2224,66.17,75.49,53.78,95.67,15.13,14,23
2225,71.75,75.37,61.29,92.63,7.06,26,21
2226,86.84,65.61,65.88,75.5,9.82,57,30
2227,73.08,80.7,59.05,73.3,12.98,12,31
2228,71.22,94.33,43.01,79.37,11.7,30,17
2229,62.28,98.87,55.9,67.58,17.7,40,40
2230,74.6,88.59,65.58,68.11,7.92,22,20
2231,63.92,98.14,49.12,74.04,14.59,50,17
2232,52.59,60.95,77.39,84.55,2.25,114,46
2233,54.28,93.52,49.34,99.01,5.7,164,21
2234,55.04,78.83,81.09,65.54,16.56,121,30
2235,60.16,71.99,91.11,84.99,18.99,196,13
2236,72.57,64.74,86.5,71.56,13.86,49,25
2237,75.56,98.14,73.38,71.14,11.59,68,4
2238,82.74,96.7,66.0,74.3,18.6,42,26
2239,62.94,97.94,42.56,75.09,17.57,50,10
2240,82.35,83.68,91.05,86.0,7.41,158,43
2241,90.54,64.65,81.83,79.2,4.24,54,15
2242,55.53,72.01,52.47,89.44,9.93,109,9
2243,74.76,94.47,61.17,90.18,19.86,10,31
2244,65.29,77.19,41.56,81.03,6.47,83,0
2245,96.85,87.75,92.17,83.74,3.06,91,2
2246,88.88,72.88,67.31,78.55,5.95,119,49
2247,94.04,97.45,66.83,64.1,3.41,91,28
2248,53.51,94.22,58.59,73.74,7.16,104,43
2249,89.39,98.4,78.68,92.57,18.14,95,25
2250,76.73,73.03,52.1,74.76,11.26,110,13
2251,57.25,67.65,83.21,89.23,2.55,36,21
2252,81.11,82.17,50.48,77.49,1.86,10,40
2253,60.4,71.8,78.18,74.7,17.27,97,36
2254,94.47,83.98,72.61,67.19,10.82,87,19
2255,74.45,84.87,69.44,69.62,16.34,67,6
2256,85.01,94.2,91.24,89.32,17.24,87,44
2257,95.59,62.34,82.24,80.0,17.97,35,34
2258,81.57,83.93,45.04,62.76,10.83,80,23
2259,95.24,96.73,75.34,70.19,10.54,5,34
2260,61.65,72.24,76.07,91.94,18.58,52,22
2261,57.38,77.26,93.29,64.91,15.87,19,10
2262,55.18,78.47,40.69,68.76,9.8,178,19
2263,97.98,98.3,63.26,75.23,8.72,64,31
2264,96.89,81.54,87.9,85.1,18.69,115,1
2265,96.32,84.07,90.36,95.45,15.95,102,45
2266,87.75,96.96,55.75,64.43,6.95,11,25
2267,88.88,71.76,51.91,82.96,13.22,8,31
2268,88.72,81.83,92.04,67.76,5.57,185,0
2269,97.98,78.48,92.91,65.04,13.98,87,18
2270,50.49,89.57,76.73,64.69,18.38,91,31
2271,57.68,73.87,46.69,68.63,8.56,180,35
2272,97.49,73.8,61.86,94.63,13.16,36,7
2273,93.95,74.07,47.36,71.09,2.15,8,47
2274,74.24,63.74,90.75,73.06,8.41,95,17
2275,79.49,94.46,63.7,79.79,7.51,90,36
2276,62.44,76.91,94.53,80.35,11.9,90,40
2277,97.23,72.13,57.82,78.71,9.5,65,29
2278,96.63,89.75,49.09,82.75,3.32,50,8
2279,80.68,97.22,47.13,79.2,2.2,163,23
2280,78.73,70.68,80.55,71.93,12.8,162,49
2281,67.46,90.1,82.9,97.38,14.47,64,29
2282,81.17,77.84,47.63,66.27,17.25,178,42
2283,87.66,75.94,76.09,78.8,17.78,191,24
2284,76.19,84.51,61.46,92.05,13.55,108,36
2285,79.2,87.39,79.13,89.86,10.31,116,37
2286,59.46,95.22,52.68,90.13,13.63,199,31
2287,64.52,85.61,73.52,93.26,16.01,136,9
2288,82.15,95.78,41.46,99.57,10.1,91,24
2289,57.25,66.08,82.29,99.62,19.42,37,8
2290,85.08,86.08,88.3,99.98,12.04,31,37
2291,65.63,69.27,70.81,86.63,6.06,91,48
2292,75.64,83.37,44.67,91.21,16.86,15,37
2293,51.81,62.59,40.11,96.47,15.06,97,13
2294,82.41,83.72,56.13,61.71,5.94,59,27
2295,62.51,62.9,53.84,64.96,9.08,62,12
2296,79.58,66.59,60.44,96.18,5.56,191,38
2297,76.25,74.62,71.02,67.16,12.18,34,17
2298,82.99,94.89,56.52,91.67,11.29,11,9
2299,50.04,63.69,47.05,66.4,18.64,28,44
2300,91.61,90.41,53.65,76.09,13.86,99,7
2301,58.22,90.2,45.02,61.9,8.17,67,8
2302,75.68,72.52,54.96,75.57,16.23,156,5
2303,84.05,97.12,40.22,88.98,12.8,188,3
2304,80.47,65.57,68.77,96.89,13.83,70,39
2305,78.46,60.14,71.49,65.84,14.46,161,18
2306,97.42,72.32,52.35,70.61,5.54,12,49
2307,77.92,81.64,67.67,88.01,11.75,125,15
2308,74.91,63.84,79.57,62.67,16.27,95,42
2309,55.37,88.36,81.82,84.74,3.68,114,15
2310,82.51,67.08,89.8,73.67,14.41,105,23
2311,75.4,70.57,77.8,94.72,17.82,88,20
2312,97.21,98.65,74.71,98.82,8.16,108,32
2313,64.38,92.14,83.8,61.44,1.31,150,8
2314,70.62,77.84,62.4,75.33,18.69,124,13
2315,92.27,93.01,46.07,82.6,7.06,71,42
2316,80.79,84.99,85.82,96.98,2.71,156,48
2317,78.3,96.36,61.08,87.01,17.26,38,6
2318,90.64,62.54,68.81,80.11,12.24,46,0
2319,59.5,68.1,42.91,95.65,13.51,128,26
2320,84.13,92.74,93.38,70.4,13.23,110,6
2321,60.0,82.95,42.32,66.66,9.43,16,19
2322,84.22,68.24,71.69,64.18,17.04,72,6
2323,65.2,91.57,50.64,96.92,5.09,60,38
2324,55.55,72.47,84.63,74.16,2.75,87,22
2325,87.22,74.18,93.86,80.29,2.98,29,34
2326,78.97,97.15,59.44,99.16,9.02,170,10
2327,81.59,89.06,53.84,71.92,2.14,5,12
2328,69.38,81.59,77.98,64.81,18.26,88,18
2329,96.68,74.41,48.03,85.74,18.8,128,48
2330,94.31,95.06,61.85,84.77,7.66,72,17
2331,78.6,66.78,46.83,84.44,14.24,123,30
2332,52.55,83.28,70.19,91.12,2.5,6,12
2333,95.52,97.93,60.19,95.47,19.2,167,28
2334,56.37,68.39,63.13,75.93,8.86,166,31
2335,97.54,71.27,79.17,86.14,18.93,73,45
2336,95.12,68.62,90.85,96.49,11.44,151,36
2337,64.69,73.01,70.39,61.17,17.15,52,34
2338,97.01,61.44,46.15,67.62,14.37,74,37
2339,60.32,67.39,44.9,91.95,17.33,150,6
2340,82.66,93.04,93.66,85.37,6.81,83,38
2341,68.04,61.11,64.08,62.32,15.3,41,37
2342,75.74,80.19,47.89,85.85,19.35,171,12
2343,64.0,70.03,63.29,82.38,12.29,67,15
2344,66.65,73.44,42.91,71.05,3.03,187,4
2345,92.03,94.71,41.18,97.2,14.68,20,7
2346,52.07,77.81,53.82,97.95,17.47,27,0
2347,72.21,67.5,47.98,93.11,2.06,196,1
2348,95.88,77.64,75.53,79.21,8.15,54,47
2349,78.1,66.19,51.23,63.2,9.76,164,49
2350,50.8,91.19,44.92,71.66,7.0,62,47
2351,96.94,93.09,81.36,66.23,19.67,20,12
2352,68.05,64.5,82.9,92.87,14.74,19,36
2353,96.35,79.08,75.33,65.55,9.84,114,20
2354,84.13,66.01,64.14,73.96,3.67,127,18
2355,73.16,68.84,93.67,92.92,4.18,154,35
2356,50.89,92.42,75.67,71.98,4.38,39,29
2357,72.49,86.68,43.79,67.55,13.88,21,16
2358,78.88,96.69,65.51,74.91,9.47,7,43
2359,85.38,62.45,89.44,86.38,20.0,154,8
2360,65.62,63.01,73.98,67.89,6.96,78,17
2361,93.84,61.6,44.23,98.26,14.36,55,48
2362,65.99,74.33,74.81,76.65,15.06,183,34
2363,87.28,71.09,51.19,75.07,16.83,139,38
2364,82.87,82.85,50.35,73.19,6.74,112,19
2365,56.14,75.51,80.38,70.99,1.39,178,38
2366,79.99,69.01,69.75,64.26,11.08,15,26
2367,71.58,92.69,70.86,88.44,3.3,62,24
2368,74.98,74.41,66.87,97.48,19.19,44,9
2369,88.4,67.7,71.46,82.81,9.72,73,38
2370,96.33,74.19,53.27,68.37,8.24,78,37
2371,51.51,74.53,45.5,67.86,17.34,28,7
2372,54.19,79.73,67.89,71.11,18.93,47,12
2373,81.33,66.8,88.15,91.31,2.16,175,0
2374,96.56,70.94,68.97,73.09,1.09,22,27
2375,68.0,66.83,57.89,72.54,12.89,169,39
2376,52.97,65.77,87.11,74.27,5.76,135,26
2377,75.94,89.35,71.3,70.8,2.59,28,37
2378,65.53,70.89,64.93,90.66,7.35,20,11
2379,50.8,69.86,48.82,90.97,11.19,125,40
2380,74.24,61.45,56.94,92.21,7.51,28,18
2381,97.05,86.46,54.34,69.92,10.83,60,34
2382,59.05,71.35,64.24,99.97,16.21,189,30
2383,50.88,88.36,88.97,79.96,13.44,108,36
2384,84.93,62.39,83.5,60.9,17.59,91,42
2385,52.98,80.85,41.37,69.8,6.5,52,46
2386,67.48,83.85,91.6,100.0,9.69,60,32
2387,69.56,74.0,62.58,76.39,3.11,99,40
2388,74.08,69.4,47.66,87.7,8.41,175,13
2389,95.86,60.45,90.59,93.63,19.26,117,2
2390,83.68,75.73,48.38,78.72,13.18,134,12
2391,84.54,83.9,72.96,97.0,5.24,183,20
2392,83.49,75.4,87.38,77.03,10.35,88,37
2393,87.89,98.66,88.65,70.15,13.31,142,18
2394,90.92,91.42,58.56,76.01,16.06,91,15
2395,73.58,83.6,62.96,66.37,8.85,66,37
2396,88.11,90.97,56.28,70.35,11.4,121,8
2397,95.29,83.09,91.05,89.12,1.93,11,20
2398,80.83,81.01,55.92,93.89,18.03,102,15
2399,79.06,94.93,42.07,99.35,19.39,20,43
2400,91.33,97.99,70.57,86.59,14.8,191,35
2401,57.06,92.3,70.99,77.02,6.87,118,30
2402,54.79,88.13,42.36,89.21,4.45,142,6
2403,66.19,85.29,86.1,68.9,10.02,70,11
2404,79.43,73.04,66.81,98.93,1.54,6,32
2405,68.42,66.34,61.58,87.1,18.35,69,33
2406,58.22,97.93,60.93,62.33,11.18,85,27
2407,63.41,84.65,85.06,62.4,3.25,161,28
2408,66.25,87.14,47.68,65.38,16.99,95,33
2409,85.57,67.16,46.46,92.58,3.08,164,41
2410,94.33,72.65,80.69,71.09,18.81,191,28
2411,52.12,62.3,91.76,90.94,14.89,25,40
2412,80.85,67.61,73.75,69.64,15.84,94,16
2413,83.25,82.06,91.89,68.65,1.35,69,38
2414,80.81,90.66,61.09,88.81,2.58,53,42
2415,85.15,74.44,93.82,78.04,11.89,10,17
2416,93.69,87.02,56.37,66.07,18.49,134,3
2417,88.96,61.21,75.33,97.26,18.16,43,28
2418,94.67,96.91,57.42,64.1,18.01,187,35
2419,87.8,65.1,42.64,65.52,9.7,18,49
2420,50.15,97.99,54.6,73.6,17.12,41,10
2421,77.59,84.79,54.73,74.59,17.03,100,44
2422,52.03,67.12,60.84,89.25,1.97,171,29
2423,91.78,66.46,59.42,80.39,6.99,34,14
2424,56.53,92.36,52.86,77.23,1.07,175,0
2425,56.75,78.93,49.6,99.26,16.02,80,37
2426,88.55,71.54,89.07,97.47,6.82,199,14
2427,72.23,74.42,84.19,81.16,4.27,182,11
2428,73.98,80.64,86.94,83.11,6.6,115,10
2429,94.83,98.5,75.42,78.14,8.85,164,11
2430,79.18,62.47,51.41,96.05,12.03,162,35
2431,54.7,70.08,75.94,82.78,2.32,196,44
2432,75.01,65.19,83.27,98.37,9.33,135,29
2433,63.14,63.37,91.38,83.47,9.27,151,28
2434,62.11,73.27,90.85,71.83,1.5,187,23
2435,87.47,95.72,83.47,75.64,16.36,97,49
2436,78.74,74.52,94.86,73.67,10.27,19,32
2437,86.36,66.7,58.08,72.67,17.36,99,14
2438,62.05,84.32,64.71,96.51,14.15,37,2
2439,57.76,89.32,80.7,67.58,1.77,111,16
2440,82.24,94.68,59.17,96.54,18.45,32,32
2441,53.15,84.4,61.11,98.21,18.69,152,15
2442,60.89,78.19,68.96,93.68,3.14,156,7
2443,64.23,67.39,88.09,70.74,6.02,109,44
2444,79.05,82.05,52.65,62.54,16.04,9,28
2445,75.71,80.37,80.5,80.27,15.92,138,28
2446,79.06,76.78,60.48,97.06,17.63,114,46
2447,93.72,88.85,55.32,88.93,12.67,145,28
2448,58.06,69.71,74.58,72.93,6.62,58,44
2449,55.69,88.68,77.72,83.99,10.8,61,35
2450,62.42,75.31,62.27,92.34,4.43,199,26
2451,89.1,81.22,91.74,84.03,6.04,59,40
2452,77.3,88.63,54.22,78.53,15.52,185,25
2453,78.11,76.19,76.72,77.47,15.93,105,20
2454,75.15,74.64,47.02,88.47,13.52,80,17
2455,56.72,62.48,40.33,88.99,17.81,14,8
2456,96.76,79.28,42.59,63.76,10.97,118,18
2457,63.01,94.8,89.93,69.35,14.93,30,16
2458,78.9,70.58,40.24,71.33,17.54,117,43
2459,94.23,61.69,67.96,73.61,15.49,171,44
2460,51.1,95.97,43.35,63.35,5.12,66,9
2461,65.98,87.86,94.81,91.54,16.22,52,1
2462,66.97,69.26,59.32,63.57,16.11,196,5
2463,85.41,96.29,45.93,83.25,18.53,100,13
2464,90.54,61.1,82.17,65.39,11.38,113,24
2465,83.85,74.21,64.13,98.15,13.37,112,30
2466,73.86,69.59,84.01,88.27,9.67,151,5
2467,73.56,81.89,67.02,98.42,9.35,80,4
2468,90.95,72.32,74.08,89.95,15.96,31,33
2469,95.75,91.18,45.44,96.55,15.74,101,36
2470,97.05,85.7,83.34,68.65,16.89,61,41
2471,94.71,86.45,83.27,61.03,16.32,44,20
2472,91.39,63.57,72.53,61.17,9.03,164,25
2473,83.5,87.04,68.51,72.14,19.14,178,34
2474,60.74,83.35,91.14,62.33,4.11,66,20
2475,67.35,60.12,58.74,97.79,10.33,117,39
2476,93.81,88.62,91.88,72.17,11.55,101,2
2477,65.83,97.26,43.87,94.1,5.96,33,32
2478,75.5,82.97,79.47,74.4,16.93,101,27
2479,79.32,98.95,52.61,86.43,14.83,157,24
2480,84.47,81.54,62.27,64.18,5.53,174,14
2481,97.33,93.91,55.52,92.4,17.92,29,24
2482,96.51,94.04,57.4,69.87,19.46,18,45
2483,53.49,73.62,54.25,69.47,12.66,20,19
2484,74.63,66.0,88.75,74.83,12.33,168,1
2485,96.06,75.34,76.78,73.26,7.62,85,43
2486,69.91,68.29,89.45,85.45,16.21,29,44
2487,72.38,98.51,48.18,98.14,8.04,196,10
2488,68.48,88.0,61.4,96.83,19.57,27,23
2489,80.24,88.29,58.55,89.74,4.82,192,46
2490,93.98,84.37,84.3,86.45,6.26,58,46
2491,96.48,73.94,41.05,65.04,3.01,20,28
2492,59.79,76.36,78.07,98.32,10.47,189,32
2493,95.71,61.35,50.32,69.79,17.82,167,3
2494,89.93,67.87,51.91,62.94,17.81,199,36
2495,79.52,86.5,94.88,99.98,5.27,106,0
2496,70.7,94.29,73.55,88.82,1.4,137,44
2497,52.3,94.91,73.92,69.27,15.32,97,35
2498,96.02,66.72,68.29,89.5,15.47,198,23
2499,66.15,62.37,62.96,62.51,16.08,143,38
2500,72.31,73.84,65.84,73.55,4.35,150,33
