town_id,hospitals,beds_per_1000,doctors,birth_rate,death_rate,infant_mortality,insurance_coverage
1,37,3.57,441,18.96,13.48,6.58,45.37
2,27,0.92,175,22.31,12.71,32.95,54.19
3,39,2.41,373,13.23,5.91,38.6,31.15
4,39,2.05,163,18.25,14.22,44.52,37.66
5,15,1.69,141,13.53,10.69,21.67,19.38
6,35,3.91,105,12.31,10.44,35.07,75.29
7,7,2.03,42,22.25,12.34,12.71,76.64
8,39,3.04,69,23.81,6.91,10.11,66.89
9,34,3.56,231,13.87,13.06,40.21,37.23
10,42,3.61,31,12.67,9.13,49.47,37.01
11,26,4.4,242,13.45,11.59,31.98,84.87
12,16,0.77,247,21.26,11.62,15.93,20.33
13,2,0.6,128,26.57,9.13,9.41,84.52
14,7,3.93,89,11.0,5.72,15.45,16.5
15,9,4.91,297,14.46,9.3,40.7,75.57
16,32,3.71,409,14.24,14.99,7.75,51.1
17,20,4.36,86,18.69,13.26,43.22,46.36
18,19,2.82,246,19.79,10.84,15.15,56.19
19,36,4.4,198,14.84,7.47,26.8,14.33
20,37,4.46,354,11.85,8.13,39.77,51.73
21,15,1.96,352,18.37,13.02,35.38,77.34
22,46,1.95,173,16.33,7.14,22.83,89.24
23,21,2.35,413,14.95,13.38,33.2,71.79
24,5,3.53,176,20.3,5.09,25.78,44.48
25,46,1.89,117,20.96,5.98,18.53,53.73
26,32,1.27,181,12.23,7.16,11.16,42.25
27,47,2.68,125,15.19,10.43,49.72,86.59
28,46,4.4,344,11.54,5.48,7.84,66.49
29,32,2.77,84,25.59,14.28,40.21,15.53
30,35,0.92,400,23.54,13.21,5.47,27.35
31,41,3.41,112,18.96,8.34,7.07,59.32
32,42,1.85,172,25.92,8.38,48.17,31.64
33,37,2.41,141,12.53,6.67,49.9,62.88
34,48,1.04,420,15.28,7.42,39.75,20.13
35,4,1.6,319,25.72,7.61,26.26,34.19
36,20,1.24,245,14.21,14.36,40.91,74.6
37,36,0.54,475,16.93,12.81,32.78,66.36
38,33,2.99,328,28.86,10.89,26.38,61.14
39,39,3.59,375,21.45,10.59,6.51,30.05
40,21,4.45,212,22.6,7.48,9.94,84.02
41,14,2.51,210,18.51,14.73,5.78,66.42
42,7,4.85,206,26.68,7.91,22.89,35.27
43,36,4.88,426,14.68,14.05,28.13,71.1
44,24,4.98,73,20.81,12.24,43.97,81.52
45,17,1.25,129,23.99,14.89,15.71,66.32
46,22,1.74,265,24.74,8.31,23.31,62.75
47,38,4.33,108,26.34,7.15,28.54,11.85
48,7,3.83,16,12.81,11.83,31.11,26.32
49,28,3.9,406,23.48,5.71,15.44,76.5
50,39,2.27,385,20.69,12.4,37.47,58.99
51,9,2.08,455,15.47,9.92,42.01,24.56
52,49,3.06,452,29.24,10.75,38.18,81.22
53,3,1.01,312,14.02,9.74,41.57,73.12
54,43,2.58,117,22.53,13.7,16.54,40.08
55,26,1.36,321,27.44,14.36,24.12,83.0
56,17,4.71,108,10.59,12.61,46.76,86.85
57,7,0.82,210,27.15,7.42,31.22,28.91
58,5,3.43,142,14.36,9.59,37.75,20.81
59,38,4.96,203,15.3,5.54,24.34,67.11
60,12,4.62,348,13.44,11.57,36.94,59.47
61,21,4.59,22,12.28,13.74,33.09,33.35
62,30,2.44,112,10.49,12.13,48.22,71.22
63,15,2.39,392,25.57,11.42,25.89,35.52
64,47,3.0,364,25.5,9.85,15.17,45.28
65,39,3.77,70,11.52,6.0,36.58,17.46
66,34,0.69,461,25.9,6.13,12.1,35.74
67,41,4.23,236,11.12,12.98,30.75,30.5
68,14,4.9,181,17.9,7.22,11.73,79.61
69,46,1.86,313,16.77,12.6,34.8,87.48
70,7,1.25,60,12.7,13.19,38.23,59.78
71,4,4.99,179,28.3,7.43,26.13,33.15
72,3,2.05,396,23.91,10.64,31.54,47.34
73,34,4.64,425,15.89,6.15,25.8,17.25
74,9,0.63,18,28.69,14.61,10.44,45.51
75,19,1.48,33,23.72,12.21,33.92,28.19
76,43,3.9,495,12.42,7.12,33.41,85.57
77,16,3.19,295,24.25,11.68,33.42,88.76
78,16,4.97,334,22.7,7.47,21.45,63.98
79,2,4.13,96,19.58,8.43,48.67,47.76
80,8,2.31,254,23.69,11.81,23.87,75.51
81,3,1.45,394,21.66,10.12,29.47,29.49
82,38,2.41,345,18.24,12.72,48.28,28.89
83,14,1.82,373,21.14,11.39,45.45,33.03
84,26,4.1,16,16.32,13.44,26.63,38.35
85,33,2.06,277,19.14,9.72,13.54,72.39
86,19,5.0,154,15.91,10.9,9.57,24.2
87,2,4.0,466,19.71,12.65,13.36,25.41
88,11,1.88,337,17.97,14.58,16.41,79.46
89,35,0.59,93,17.96,12.1,11.15,26.36
90,11,4.6,150,21.54,6.95,26.02,62.28
91,17,2.38,339,19.24,6.91,28.34,19.27
92,18,1.35,94,25.62,8.28,31.02,72.86
93,19,3.56,410,18.3,11.97,34.46,48.76
94,18,3.94,116,21.23,9.1,22.73,27.81
95,48,1.21,396,10.71,13.67,33.21,30.73
96,41,4.17,340,15.53,6.69,46.8,36.94
97,11,1.64,199,16.12,11.51,35.93,58.67
98,36,1.66,313,23.4,5.02,21.58,28.42
99,26,1.38,378,25.11,13.84,27.69,19.19
100,28,0.78,238,24.18,6.65,34.73,52.23
101,31,3.21,157,29.45,12.44,22.18,50.54
102,37,4.74,110,28.96,7.9,12.98,14.0
103,45,0.55,239,10.41,7.0,27.8,53.73
104,45,2.99,152,28.53,14.7,18.39,45.58
105,38,3.47,308,22.9,5.93,20.17,52.78
106,11,4.35,123,15.16,5.4,40.98,15.86
107,16,3.12,20,26.51,12.77,24.06,27.48
108,19,2.73,363,29.33,5.86,28.29,53.18
109,8,3.85,75,27.63,8.04,16.73,12.49
110,30,4.63,105,20.04,10.21,12.85,45.5
111,49,0.99,217,21.03,11.91,27.84,33.27
112,23,2.88,355,14.05,10.66,24.51,17.83
113,23,4.51,441,11.17,11.4,13.36,47.57
114,25,3.92,94,29.58,14.24,18.03,81.12
115,39,0.65,312,23.52,5.66,32.98,37.1
116,24,2.76,98,13.2,11.59,18.96,55.29
117,35,3.1,415,10.92,13.54,41.38,13.33
118,32,4.76,480,24.46,10.46,18.63,72.65
119,26,2.16,499,29.14,14.16,49.9,66.49
120,3,4.79,5,23.31,13.59,33.41,13.6
121,1,2.65,304,11.54,11.04,23.3,38.99
122,41,1.11,143,19.31,8.88,36.05,89.03
123,44,2.94,47,22.57,14.26,22.95,42.68
124,46,1.9,102,28.03,11.8,7.88,29.28
125,25,4.84,139,22.22,12.62,28.85,67.41
126,29,0.78,134,27.34,11.96,48.37,58.58
127,28,0.61,269,29.51,14.68,23.72,71.57
128,7,3.57,159,25.17,14.83,26.14,38.95
129,28,3.58,69,10.6,6.64,37.68,47.73
130,27,1.19,379,23.97,6.67,11.45,43.77
131,6,3.55,417,13.78,11.03,11.21,63.43
132,14,2.88,358,26.64,13.88,49.34,40.63
133,34,3.61,108,17.02,14.71,5.62,51.75
134,3,1.21,379,23.87,13.29,7.89,59.58
135,19,3.96,22,14.22,6.56,40.6,48.32
136,46,4.35,299,12.86,8.97,11.44,75.51
137,6,1.9,445,19.73,12.41,9.8,80.47
138,1,4.23,202,18.0,13.58,39.53,42.04
139,21,4.94,96,24.3,6.88,40.33,87.97
140,35,3.37,283,21.76,12.73,8.85,80.79
141,24,3.78,413,15.07,12.1,33.46,54.4
142,48,4.66,432,21.63,11.04,14.62,59.71
143,7,3.31,401,17.39,12.56,24.6,16.97
144,22,2.99,74,29.12,13.49,18.16,38.96
145,36,1.11,352,28.47,6.33,32.83,10.22
146,33,1.01,491,12.31,13.52,49.82,80.38
147,25,3.12,358,23.87,11.51,13.2,55.02
148,20,2.29,270,19.76,11.46,32.41,36.71
149,24,2.03,273,15.6,10.87,24.25,31.27
150,18,2.46,31,24.83,8.44,44.48,81.98
151,21,4.83,292,12.6,11.0,25.86,29.22
152,33,1.29,457,10.28,14.19,26.51,12.47
153,49,1.18,53,11.27,10.15,42.9,40.52
154,44,2.64,95,14.14,14.52,47.72,28.83
155,9,2.96,466,10.8,9.75,22.11,14.74
156,36,3.18,277,13.0,9.53,30.22,30.67
157,47,1.09,72,10.61,9.2,24.39,84.54
158,5,0.76,184,29.56,12.52,26.98,23.1
159,36,3.12,143,25.75,12.39,16.95,62.47
160,16,2.4,255,26.16,5.01,31.26,47.95
161,29,3.31,492,25.24,14.86,31.06,30.78
162,36,3.91,350,11.96,12.68,34.34,88.46
163,2,1.57,56,27.94,14.17,5.35,28.78
164,30,0.55,437,19.8,11.3,10.2,84.66
165,42,2.73,129,17.85,13.84,28.18,39.4
166,47,4.91,345,19.9,10.75,36.54,81.63
167,38,2.49,325,14.2,8.43,28.63,45.21
168,1,4.91,179,13.72,5.98,8.22,72.2
169,12,3.29,378,24.83,6.11,47.2,69.17
170,38,2.29,90,11.56,6.02,29.92,29.83
171,3,3.3,97,25.34,8.12,28.91,41.89
172,39,4.3,191,14.3,11.75,5.63,25.77
173,47,3.51,184,16.73,13.09,13.83,65.1
174,29,4.96,265,29.28,5.39,49.29,85.66
175,21,4.64,415,20.43,5.33,11.08,79.53
176,26,2.42,100,24.35,11.47,39.92,67.93
177,4,2.78,420,24.54,7.23,18.67,32.26
178,38,4.63,61,17.71,10.43,31.98,46.68
179,22,1.41,99,19.14,9.07,14.05,33.92
180,7,2.87,304,28.92,14.31,17.26,16.81
181,44,4.99,91,25.77,14.43,40.69,39.72
182,19,1.55,248,15.86,11.06,26.74,10.45
183,4,3.39,472,27.78,8.61,6.02,12.08
184,40,1.34,321,25.04,7.6,43.04,57.81
185,29,2.54,193,12.72,13.53,39.13,81.39
186,16,1.32,429,12.16,13.6,8.27,56.67
187,16,4.44,227,20.22,14.65,7.43,60.58
188,2,2.72,301,27.37,7.17,34.22,81.31
189,42,1.64,131,19.81,5.4,34.38,19.88
190,29,3.97,132,11.69,10.86,35.44,50.87
191,11,3.33,451,29.41,14.92,14.92,87.3
192,13,1.8,30,15.43,8.62,16.04,63.07
193,13,2.69,496,20.29,6.92,42.47,62.87
194,20,4.21,371,16.55,8.16,37.72,89.24
195,32,4.5,269,14.19,13.66,11.61,35.29
196,40,1.77,379,20.51,12.21,42.31,26.13
197,43,3.52,476,22.06,12.0,20.51,16.79
198,21,1.78,154,21.48,9.73,35.45,74.98
199,43,1.77,412,16.39,11.92,48.84,75.38
200,23,4.3,385,19.23,12.64,23.17,56.32
201,11,4.59,250,14.51,7.03,7.72,38.46
202,47,1.59,63,21.11,12.19,9.27,84.45
203,43,3.92,62,10.33,11.09,13.13,26.17
204,24,1.5,482,29.18,6.14,11.99,23.04
205,34,3.15,110,19.22,6.16,36.63,23.62
206,39,2.44,481,19.91,14.4,16.26,74.18
207,31,4.17,375,25.08,9.32,11.24,22.81
208,47,1.63,89,22.83,5.39,27.27,56.45
209,37,1.66,445,19.62,12.12,47.26,83.91
210,48,2.44,495,16.4,7.55,46.0,80.29
211,8,1.67,483,19.96,7.94,31.46,66.79
212,44,4.89,134,13.91,7.01,32.09,68.54
213,45,2.72,302,11.58,5.76,39.27,22.93
214,39,2.6,209,19.05,12.79,17.95,22.55
215,7,4.53,238,12.41,12.1,26.12,35.39
216,48,2.45,308,23.39,10.61,48.33,28.96
217,27,4.99,348,28.65,10.61,14.51,74.65
218,48,4.6,22,16.01,5.1,13.04,64.09
219,44,1.17,384,10.16,9.99,22.2,56.69
220,15,1.84,256,25.41,9.68,47.24,39.9
221,33,1.75,48,25.84,11.02,10.28,89.31
222,25,3.37,117,14.95,7.0,24.23,56.97
223,20,2.19,236,28.62,8.54,19.45,16.43
224,8,4.85,460,19.51,5.99,21.78,54.99
225,45,0.81,495,12.56,12.36,28.37,37.65
226,12,1.72,21,19.58,10.03,43.57,51.79
227,43,4.49,194,21.1,8.29,39.99,17.47
228,3,0.99,11,15.14,11.03,16.79,64.11
229,41,1.99,243,13.33,10.83,32.61,17.75
230,41,1.95,402,28.94,6.82,33.28,51.37
231,38,3.76,463,12.15,8.76,10.31,37.02
232,2,1.49,190,11.26,8.39,41.95,63.67
233,7,3.65,185,25.19,14.13,37.25,34.51
234,22,4.98,461,15.1,12.06,11.61,80.14
235,11,2.24,109,18.46,14.8,45.22,54.54
236,46,4.54,85,10.03,14.96,49.29,85.65
237,17,4.67,194,25.64,11.14,29.7,81.57
238,4,1.18,483,21.7,12.22,11.91,19.83
239,35,0.56,223,26.9,13.61,13.86,85.44
240,38,4.07,92,14.32,8.59,12.68,86.95
241,38,3.97,393,29.4,5.82,46.32,46.38
242,1,4.06,55,12.3,10.58,29.53,77.52
243,13,1.19,197,24.56,7.51,23.5,85.43
244,3,3.2,252,24.71,6.6,30.13,33.78
245,33,3.76,186,21.17,13.12,8.36,58.65
246,40,1.94,130,23.04,7.26,8.9,26.91
247,1,0.6,95,17.53,12.18,9.25,36.3
248,14,4.05,343,17.72,8.07,37.3,26.83
249,47,2.3,204,15.96,6.08,37.09,81.98
250,15,1.5,106,16.48,8.28,38.27,41.22
251,32,4.58,238,13.04,5.65,44.05,44.44
252,26,1.41,41,29.3,13.93,38.34,56.45
253,6,4.48,101,14.64,6.17,48.05,86.61
254,42,1.46,54,24.85,7.43,25.54,32.64
255,2,3.73,224,10.39,5.7,7.29,25.83
256,6,2.81,420,27.8,8.16,16.62,10.47
257,31,2.29,476,28.11,11.31,17.88,80.47
258,2,3.67,202,11.15,13.82,24.12,57.69
259,23,3.31,179,22.2,9.08,9.57,52.82
260,22,4.78,302,16.42,8.81,35.96,64.99
261,5,4.55,423,19.89,14.24,23.13,85.93
262,35,4.57,497,21.79,13.95,48.25,40.39
263,10,3.15,319,16.85,12.42,12.44,54.61
264,46,1.01,256,14.75,8.11,31.5,82.35
265,37,1.3,234,28.23,7.69,31.18,63.43
266,3,4.07,293,21.38,12.52,15.1,74.82
267,24,3.63,320,22.34,6.4,5.04,44.37
268,4,3.41,385,23.8,9.24,19.04,80.29
269,9,0.8,399,14.74,14.41,22.75,45.87
270,6,4.08,38,16.26,11.43,26.15,66.75
271,20,4.53,396,25.19,8.84,38.75,30.97
272,14,0.68,243,28.56,12.5,33.34,56.24
273,11,1.83,250,19.4,14.22,31.79,67.49
274,2,3.93,332,19.56,7.51,17.75,70.05
275,15,3.13,266,23.05,7.07,24.82,72.49
276,11,1.76,236,24.54,11.43,38.92,86.68
277,25,0.68,398,27.93,7.19,10.39,58.09
278,20,2.11,53,17.15,10.32,32.0,26.32
279,19,2.17,489,24.43,8.14,36.87,49.85
280,21,2.69,81,13.88,14.32,20.76,62.67
281,39,1.53,78,15.85,11.37,10.58,78.91
282,29,1.37,98,10.45,8.69,40.13,81.06
283,38,4.26,463,11.32,8.71,47.89,36.94
284,24,4.74,274,12.05,7.34,46.47,57.67
285,19,1.43,429,29.44,5.23,27.15,36.19
286,3,4.18,123,10.99,10.52,10.71,35.54
287,38,2.36,388,19.33,14.28,43.37,30.86
288,38,1.47,365,16.09,5.26,28.41,89.12
289,44,0.9,269,18.71,6.14,21.85,51.24
290,44,1.16,208,10.76,10.08,13.3,23.47
291,39,1.16,234,16.51,5.46,19.31,29.91
292,26,3.0,73,25.88,11.95,22.73,66.81
293,6,3.67,467,20.84,13.99,10.15,15.87
294,19,4.56,488,21.0,11.74,35.72,88.2
295,25,2.62,140,23.1,12.79,12.17,18.17
296,17,1.52,363,26.58,12.05,16.05,21.32
297,22,0.7,93,25.42,12.95,27.33,69.4
298,16,0.66,321,17.27,11.01,13.98,60.84
299,47,0.81,250,29.35,7.8,37.23,87.31
300,42,1.84,459,21.81,12.28,27.55,29.97
301,31,2.09,171,28.78,11.26,35.81,16.32
302,6,4.38,208,27.46,10.56,12.06,47.18
303,23,2.41,277,25.4,7.23,24.56,14.06
304,34,1.81,434,28.33,8.83,19.92,31.24
305,48,2.71,358,19.29,8.75,20.58,57.5
306,29,1.45,360,12.53,13.3,28.41,30.59
307,9,1.48,342,14.61,5.71,6.13,16.76
308,27,3.17,150,20.85,14.41,14.29,43.68
309,13,1.08,430,22.26,8.22,42.84,68.7
310,26,3.16,146,19.18,6.9,49.47,85.96
311,21,1.23,285,18.43,5.42,39.82,15.14
312,31,0.59,429,14.84,10.06,18.92,71.89
313,34,4.39,31,16.72,12.32,37.93,18.86
314,21,3.89,343,23.23,5.77,26.86,41.92
315,34,0.75,468,14.02,8.88,9.98,63.72
316,13,4.21,84,27.7,14.37,46.94,44.63
317,35,3.2,134,12.42,9.37,25.46,57.7
318,8,2.38,126,20.04,11.73,46.13,53.48
319,43,1.14,65,15.7,13.93,40.3,47.36
320,41,2.24,431,10.57,12.42,14.77,11.4
321,16,2.34,247,22.19,6.17,21.93,28.45
322,1,2.15,393,26.18,10.81,29.8,21.03
323,13,2.21,86,25.36,6.31,33.96,87.63
324,33,3.56,474,10.22,5.96,26.54,72.04
325,15,1.64,307,24.35,14.37,30.4,85.89
326,15,1.9,320,20.44,13.41,48.96,25.54
327,13,0.87,121,13.08,8.62,15.62,71.55
328,24,3.49,127,10.11,13.89,44.09,51.17
329,7,2.95,425,10.16,8.52,45.76,66.09
330,41,2.96,93,22.42,11.96,45.41,32.43
331,22,4.87,224,17.79,7.79,46.17,70.62
332,40,3.38,289,14.07,11.16,43.59,64.93
333,28,3.82,75,19.0,5.41,35.3,87.34
334,3,4.05,240,19.57,14.62,20.61,88.09
335,15,1.45,441,13.33,5.08,45.65,23.42
336,26,3.36,30,14.13,8.3,12.82,68.46
337,22,4.01,101,29.67,13.23,39.82,57.96
338,44,2.56,296,26.84,13.4,24.87,57.1
339,7,0.52,229,18.04,12.91,30.79,80.62
340,36,4.93,59,10.59,11.77,41.69,58.54
341,16,0.72,302,12.45,9.17,26.81,51.27
342,1,2.85,43,18.88,12.75,14.86,19.44
343,34,2.25,353,25.26,9.79,12.39,43.65
344,13,3.4,438,21.69,11.8,15.78,23.13
345,18,0.52,201,26.54,7.28,21.76,15.62
346,41,0.97,239,20.22,11.88,13.38,10.15
347,25,0.94,498,14.75,14.73,46.38,67.27
348,26,4.15,375,11.58,10.25,22.36,34.09
349,26,1.87,332,11.08,8.13,13.26,74.65
350,2,2.13,175,20.7,9.59,25.5,84.58
351,10,2.94,355,22.99,13.41,41.54,34.65
352,20,2.43,451,22.5,12.41,47.73,29.83
353,5,3.18,452,20.22,9.34,48.95,45.6
354,41,2.53,167,16.28,10.71,20.82,16.5
355,15,1.96,402,21.5,9.81,12.91,25.43
356,9,4.65,172,10.69,9.16,39.28,11.49
357,5,2.17,219,23.32,15.0,20.29,89.83
358,14,4.97,61,12.85,7.46,6.02,88.99
359,17,0.79,480,17.42,10.9,31.1,80.58
360,18,1.96,63,28.81,13.66,46.63,13.09
361,36,0.77,42,19.1,5.06,30.12,25.46
362,32,1.23,400,20.85,14.78,12.12,68.74
363,2,1.86,137,16.55,6.15,46.73,64.94
364,49,1.6,451,25.19,10.05,12.88,80.24
365,14,2.3,475,26.72,11.91,18.3,21.65
366,8,1.18,140,21.51,6.64,32.73,73.95
367,32,2.88,242,12.85,5.8,25.42,15.16
368,37,3.33,62,24.74,5.58,41.16,51.03
369,8,1.55,411,18.12,6.08,19.09,88.13
370,42,4.91,169,13.53,6.19,46.5,81.96
371,47,2.97,314,17.32,5.9,47.57,39.7
372,2,4.72,316,23.58,13.88,38.8,42.04
373,39,4.16,145,19.04,6.96,45.52,89.49
374,9,4.84,152,13.1,10.77,37.8,51.32
375,40,3.53,229,10.06,5.52,28.06,27.96
376,46,2.51,280,22.14,5.34,15.12,68.41
377,27,3.75,22,18.01,7.98,30.89,29.31
378,37,4.29,300,15.84,13.68,17.3,79.34
379,35,2.0,268,25.53,14.73,14.92,66.89
380,23,3.38,53,25.9,14.71,44.02,44.46
381,44,3.57,302,11.38,14.45,42.48,10.33
382,48,3.25,132,26.16,8.01,11.0,16.13
383,23,3.09,174,12.4,9.04,30.76,17.81
384,5,3.44,87,16.83,6.18,47.47,82.94
385,46,4.29,496,17.9,7.16,47.8,17.96
386,11,4.05,231,10.01,12.87,37.45,24.88
387,49,1.36,187,11.92,10.56,10.45,49.93
388,42,1.03,41,19.8,5.28,49.68,70.74
389,11,2.89,90,23.73,8.93,8.44,66.28
390,10,3.42,5,22.06,10.79,31.4,79.51
391,7,0.82,359,23.96,11.49,29.91,13.59
392,30,3.88,486,26.97,7.75,46.29,66.68
393,40,0.88,39,19.97,11.66,7.63,71.56
394,48,1.42,353,20.12,7.39,47.04,46.13
395,28,2.81,440,13.67,7.42,36.57,62.53
396,29,1.9,300,25.5,6.84,6.03,10.36
397,2,0.86,97,29.53,6.64,32.48,49.51
398,42,3.43,194,19.77,7.17,16.65,36.58
399,42,1.1,166,17.54,9.75,10.59,79.94
400,9,1.31,456,25.48,6.17,24.54,66.34
401,47,4.93,154,24.44,11.98,49.48,49.41
402,19,1.8,464,19.95,10.65,49.2,66.25
403,33,3.23,159,28.78,12.73,37.52,84.13
404,9,2.82,9,27.23,10.3,19.94,20.05
405,1,2.81,54,18.16,12.97,17.31,23.52
406,5,4.8,438,26.97,13.39,25.3,31.0
407,12,0.95,91,29.52,11.88,38.91,23.55
408,10,4.21,319,20.29,14.91,35.52,59.57
409,35,0.53,20,28.81,8.01,24.88,51.25
410,22,0.83,210,15.33,6.67,48.73,17.24
411,4,0.53,481,10.1,9.38,36.09,28.62
412,24,3.18,38,24.65,10.84,45.06,60.77
413,24,1.09,279,20.39,13.8,10.22,54.95
414,21,2.63,451,14.25,7.95,47.66,82.32
415,17,2.72,81,10.48,8.49,15.11,44.04
416,20,3.3,405,15.8,12.18,45.2,42.11
417,25,0.92,80,23.52,12.13,5.31,55.88
418,25,4.71,296,13.71,6.17,45.75,70.33
419,30,4.63,370,16.77,7.51,32.87,18.31
420,13,3.27,261,12.38,12.16,38.63,35.36
421,35,4.81,236,15.59,8.1,21.71,89.54
422,41,1.7,29,17.86,14.05,31.61,74.68
423,11,3.84,227,22.31,14.55,12.2,60.2
424,31,0.57,404,25.33,12.15,14.2,22.39
425,41,2.95,470,13.33,6.39,18.6,57.41
426,26,4.49,136,10.37,12.45,10.33,43.56
427,8,2.64,469,25.34,13.48,23.2,71.68
428,29,1.17,342,23.72,9.62,46.11,50.69
429,23,4.86,340,12.04,12.62,34.89,37.01
430,12,2.99,52,29.14,9.87,14.69,19.54
431,43,2.83,377,16.29,9.32,37.02,41.73
432,5,2.78,276,25.03,14.5,8.22,13.31
433,48,1.74,93,22.59,7.53,34.73,50.86
434,11,1.31,277,21.89,11.03,16.24,76.17
435,35,4.01,426,17.38,13.03,38.03,60.56
436,20,1.43,433,27.29,12.68,49.16,23.25
437,14,2.22,129,16.65,14.4,40.81,31.57
438,33,2.52,140,27.08,6.98,38.65,45.55
439,27,4.62,447,12.19,9.54,36.9,70.03
440,12,1.95,57,20.31,9.52,11.99,79.42
441,6,1.66,311,28.61,13.49,31.75,48.53
442,47,3.48,228,20.05,10.76,8.8,67.39
443,9,2.11,162,24.97,8.69,26.65,53.31
444,10,4.65,469,16.14,14.1,11.01,52.23
445,2,4.4,329,19.45,12.24,7.49,85.85
446,30,3.19,62,11.38,10.14,43.95,48.85
447,18,0.97,11,19.97,9.12,8.03,11.52
448,23,3.31,417,10.8,14.1,23.67,46.57
449,27,4.22,101,24.15,12.32,25.05,63.1
450,36,3.87,278,18.21,7.64,23.4,30.68
451,10,4.51,332,22.33,5.91,22.42,39.87
452,32,3.94,429,26.37,8.42,35.25,52.9
453,29,2.31,34,27.23,13.24,48.38,33.68
454,39,4.53,133,29.51,5.19,9.56,62.98
455,5,1.75,266,18.41,10.19,41.69,77.8
456,42,1.4,182,29.76,13.68,21.43,88.82
457,43,3.38,385,19.08,7.62,5.61,27.34
458,28,3.49,383,25.74,10.7,48.34,39.64
459,25,0.61,319,16.69,5.53,13.47,34.16
460,16,3.16,367,20.57,7.03,11.05,28.6
461,2,4.65,157,24.4,8.05,16.91,72.38
462,27,4.78,433,23.99,8.42,36.62,73.76
463,8,1.96,210,28.81,12.03,26.4,43.64
464,4,4.36,452,13.95,8.1,45.58,63.98
465,21,3.75,309,23.67,9.13,10.44,81.61
466,40,3.39,340,25.72,12.25,47.6,32.86
467,10,0.73,459,26.87,5.16,31.4,33.74
468,1,3.88,50,20.02,7.39,45.81,69.01
469,16,4.42,384,18.26,12.71,22.55,65.96
470,35,1.13,390,23.43,6.4,47.08,40.87
471,36,2.86,288,24.02,6.83,43.14,30.65
472,21,3.98,482,27.88,8.09,40.05,14.41
473,24,2.74,399,24.49,12.5,9.42,58.79
474,41,3.46,324,13.66,8.6,16.72,27.1
475,33,3.52,202,10.08,6.98,40.85,19.13
476,2,2.35,134,14.08,7.78,10.49,57.85
477,48,1.85,189,26.67,9.21,19.8,43.94
478,43,1.92,124,25.61,7.59,33.59,56.54
479,21,2.54,433,14.64,10.89,31.97,39.42
480,37,3.46,72,11.79,10.13,39.92,29.57
481,9,4.9,382,23.33,10.98,32.28,77.68
482,4,3.04,360,26.58,11.92,17.29,27.89
483,39,0.55,161,21.38,12.6,10.24,35.29
484,2,4.9,383,16.93,8.84,44.78,42.78
485,14,1.61,263,20.14,12.69,26.47,28.4
486,4,0.86,452,26.09,5.5,42.61,77.11
487,10,1.67,359,29.45,6.38,8.26,66.51
488,22,3.43,373,17.45,7.18,7.01,29.65
489,8,1.87,311,19.34,9.97,30.31,76.36
490,30,4.88,86,19.5,5.8,9.68,48.89
491,12,2.88,346,12.58,11.05,12.45,46.88
492,43,1.87,259,10.67,8.21,47.17,42.08
493,17,0.79,98,27.73,8.77,25.42,72.45
494,27,0.77,352,25.64,11.26,38.08,56.0
495,20,1.77,127,17.92,14.55,11.79,46.62
496,23,3.36,12,12.31,7.8,49.78,44.08
497,21,3.47,471,19.64,13.52,21.7,25.44
498,41,4.54,374,16.73,14.57,16.54,52.23
499,48,4.82,495,29.27,9.26,7.07,51.72
500,41,2.48,489,20.66,9.1,37.71,61.88
501,21,3.75,360,17.86,13.27,42.62,34.33
502,12,4.76,447,23.74,6.01,39.87,65.4
503,12,3.47,297,11.73,12.42,11.18,64.06
504,44,3.64,327,16.72,11.6,25.4,76.11
505,44,4.51,266,13.8,14.82,23.32,59.75
506,46,3.09,456,26.89,9.52,41.65,26.65
507,27,2.79,105,14.68,11.28,17.94,61.98
508,24,4.38,491,13.68,11.0,31.59,76.44
509,25,4.95,27,29.76,10.88,46.01,33.43
510,47,4.5,351,19.35,13.98,13.64,15.88
511,22,4.48,6,15.97,5.9,49.95,87.75
512,7,3.91,161,17.04,9.96,32.88,39.39
513,1,4.33,398,28.41,10.47,47.34,67.29
514,31,4.94,313,11.23,14.15,21.5,54.66
515,5,4.23,325,21.1,10.35,21.32,54.16
516,34,3.22,354,21.34,5.38,29.13,70.29
517,17,2.42,307,22.6,8.51,34.98,80.52
518,4,0.73,175,11.67,14.89,22.81,18.62
519,28,3.92,124,13.52,9.68,42.69,69.38
520,28,1.4,35,26.58,6.17,41.63,85.1
521,20,2.7,204,14.74,12.24,27.25,43.08
522,17,0.74,65,17.44,12.58,49.44,29.54
523,6,1.86,225,13.97,13.53,34.42,87.28
524,49,2.92,151,26.18,7.85,26.3,29.33
525,35,4.01,279,15.7,10.64,17.71,20.34
526,26,3.92,240,10.31,7.83,40.1,64.74
527,22,4.26,373,12.67,11.69,24.87,67.95
528,17,2.7,21,22.55,12.61,12.7,54.75
529,17,2.81,293,17.04,14.57,13.43,65.93
530,3,4.98,59,19.32,12.74,13.11,22.11
531,7,4.3,120,16.01,13.86,6.76,18.8
532,36,2.68,429,29.13,14.85,27.51,40.71
533,2,2.07,122,19.87,6.33,16.29,55.29
534,31,4.23,6,25.95,5.09,15.16,82.99
535,6,1.81,182,20.23,6.75,8.45,76.94
536,34,4.91,100,21.06,8.28,42.77,20.6
537,35,3.3,287,21.66,10.98,25.85,76.25
538,11,0.75,81,24.31,11.84,42.1,62.24
539,34,2.92,191,16.28,12.9,18.54,11.78
540,17,2.2,322,20.61,14.18,33.07,22.96
541,31,3.68,135,16.22,6.27,5.3,61.26
542,47,2.38,438,21.71,13.41,5.69,40.14
543,36,1.32,19,15.17,6.97,18.92,27.01
544,43,3.43,348,11.86,5.2,45.24,64.36
545,24,3.01,227,24.87,9.94,29.52,31.38
546,43,1.3,81,13.49,14.98,21.42,84.12
547,12,2.93,197,25.46,14.79,44.82,87.87
548,24,1.5,412,15.66,8.39,33.95,17.26
549,33,2.24,358,29.82,8.62,9.99,77.35
550,3,3.43,150,22.19,6.55,43.37,14.03
551,5,1.9,229,24.72,10.99,45.98,56.51
552,5,2.23,465,14.15,12.43,47.46,44.76
553,13,2.5,320,20.49,7.23,19.42,23.66
554,26,1.96,117,17.78,7.26,14.19,38.9
555,38,1.5,471,28.54,10.4,18.74,59.19
556,40,4.34,460,26.66,6.03,43.78,46.25
557,32,2.43,99,12.48,6.52,25.68,20.73
558,44,1.83,139,17.67,6.86,38.23,19.15
559,1,1.76,476,26.01,12.2,10.97,35.56
560,11,0.74,214,24.09,7.56,28.77,37.36
561,33,0.85,436,22.59,10.97,41.61,28.94
562,21,2.92,329,27.84,14.39,15.48,38.15
563,38,4.16,161,27.94,5.57,39.38,70.8
564,31,3.08,243,21.32,14.54,23.31,52.18
565,31,3.41,191,16.1,9.77,6.58,19.79
566,22,2.56,297,26.57,5.48,32.66,32.61
567,26,4.71,148,27.85,6.12,31.32,31.8
568,24,2.03,287,29.8,9.01,16.65,23.77
569,37,3.66,496,25.03,7.44,24.28,73.27
570,36,3.71,270,17.9,14.96,21.91,14.75
571,26,4.87,417,14.1,5.51,21.77,66.76
572,26,1.6,239,29.7,13.73,15.44,45.61
573,27,3.88,5,25.01,11.19,47.06,42.22
574,27,1.53,28,11.67,10.26,21.99,50.55
575,44,4.16,366,12.47,13.14,38.38,11.01
576,21,2.54,238,20.88,12.91,17.12,34.38
577,24,1.26,63,17.15,11.72,8.08,39.66
578,45,2.87,424,29.26,6.05,15.89,64.37
579,20,4.55,316,16.83,5.62,10.24,56.37
580,35,1.86,461,18.87,9.82,27.17,70.41
581,1,2.42,107,12.88,14.82,32.82,31.3
582,40,2.45,469,14.84,6.22,34.9,75.58
583,7,2.86,128,20.23,10.72,34.0,69.76
584,39,3.22,234,15.84,8.53,8.72,47.98
585,21,4.02,100,21.3,7.7,49.78,43.18
586,6,3.3,252,28.95,10.91,31.17,38.02
587,35,1.49,352,26.83,7.81,26.98,50.13
588,16,1.3,190,29.4,13.27,41.26,20.31
589,29,3.66,12,23.61,5.23,11.29,79.26
590,10,1.96,251,26.37,12.47,24.32,20.06
591,25,4.68,440,28.6,5.27,24.71,47.16
592,38,3.81,25,28.49,12.83,40.01,37.65
593,38,3.02,279,26.59,8.62,9.69,79.95
594,49,4.42,46,20.42,7.57,21.38,53.54
595,12,3.79,451,15.8,8.6,48.63,66.9
596,45,4.57,423,24.98,8.1,45.2,36.86
597,17,2.92,442,22.02,6.43,38.76,51.25
598,42,1.37,61,23.09,7.81,41.04,59.32
599,8,3.34,219,10.78,11.92,19.6,65.02
600,3,1.17,206,26.03,6.05,26.63,47.22
601,26,2.9,464,28.34,12.53,49.24,39.01
602,11,1.82,446,16.5,14.73,30.3,25.73
603,1,4.23,134,12.05,12.06,27.22,88.92
604,34,1.18,82,10.19,14.38,38.55,83.09
605,26,3.02,208,13.31,7.02,8.55,35.51
606,2,4.86,296,17.69,11.84,12.12,32.76
607,14,1.6,416,11.28,7.24,17.86,22.68
608,6,3.36,205,25.21,7.3,31.62,35.93
609,46,0.68,82,25.79,8.33,48.3,44.82
610,12,4.6,121,23.69,10.23,14.98,58.34
611,46,4.43,296,23.84,13.61,14.07,20.91
612,23,1.48,22,18.82,5.34,20.57,12.47
613,29,3.06,211,18.54,9.28,8.55,31.85
614,39,1.5,71,11.82,5.53,7.42,59.12
615,3,4.87,139,26.51,5.34,6.19,71.12
616,40,1.11,465,12.91,10.5,29.52,57.67
617,29,2.92,405,26.01,6.72,29.2,63.51
618,48,0.82,223,20.88,5.52,11.83,41.55
619,31,4.76,334,27.29,9.08,23.57,85.65
620,23,1.79,156,21.44,10.19,5.52,80.75
621,1,4.24,177,28.45,11.09,42.45,45.26
622,31,3.27,171,16.71,9.44,12.35,52.65
623,16,1.48,214,20.49,6.02,34.05,45.97
624,4,4.13,494,13.48,9.19,31.84,83.59
625,38,3.4,237,23.43,6.97,49.82,40.78
626,41,4.47,285,20.88,7.18,12.57,23.08
627,5,1.84,245,26.78,11.69,17.83,16.6
628,46,0.75,213,27.14,6.02,6.74,37.47
629,3,3.07,107,26.23,9.36,34.13,58.34
630,34,2.82,313,10.58,14.14,18.45,46.72
631,34,4.22,380,17.33,6.06,47.32,46.12
632,34,4.58,93,16.8,5.21,45.24,84.14
633,15,3.13,253,10.22,6.4,40.94,73.91
634,6,3.18,103,26.71,7.79,24.14,52.86
635,11,4.67,430,12.3,5.03,10.47,67.21
636,11,3.21,207,29.44,8.47,46.75,47.39
637,6,3.47,291,27.23,14.22,14.88,81.02
638,33,3.84,383,13.14,12.15,48.67,10.67
639,47,0.74,66,25.13,13.96,20.09,23.3
640,20,2.91,275,25.72,14.63,37.55,62.62
641,33,4.59,194,15.72,14.12,28.83,35.33
642,44,0.9,118,10.23,8.92,45.53,42.5
643,38,2.21,121,15.55,12.29,13.83,66.45
644,35,0.86,266,15.27,5.84,22.25,52.93
645,10,0.76,232,10.04,11.47,32.15,41.14
646,9,2.3,440,22.94,14.14,23.54,17.96
647,34,1.66,346,25.33,6.5,10.15,74.97
648,24,2.57,471,12.33,7.33,34.97,73.18
649,18,1.63,161,22.88,9.65,36.34,79.66
650,41,4.54,359,26.96,5.15,39.34,40.94
651,4,4.06,417,16.33,5.66,48.68,21.9
652,13,3.77,437,28.12,9.91,16.34,23.84
653,19,3.54,308,28.43,11.25,11.83,85.52
654,2,4.29,407,29.31,10.38,6.42,75.57
655,37,4.1,389,27.12,12.88,13.28,35.5
656,48,3.14,325,26.0,12.53,28.06,33.93
657,2,3.19,122,29.55,7.75,17.7,28.12
658,15,0.88,390,23.92,14.44,15.49,85.28
659,12,4.23,245,18.52,9.97,17.12,47.57
660,47,3.05,322,18.56,10.93,20.06,31.38
661,24,1.97,345,15.31,5.38,49.87,16.61
662,39,2.13,457,28.55,12.2,5.61,51.42
663,16,4.54,71,13.74,6.59,42.1,48.62
664,22,4.14,281,14.49,10.85,7.82,63.99
665,23,4.9,180,18.12,14.07,29.0,11.61
666,12,1.12,266,29.43,12.69,45.96,85.03
667,20,2.26,323,27.19,12.3,13.33,40.13
668,26,4.94,335,20.3,10.03,18.95,74.4
669,42,4.56,452,11.88,13.39,27.33,67.11
670,17,2.69,314,23.93,12.87,38.69,27.66
671,33,1.8,23,25.0,10.28,16.98,54.85
672,8,2.21,461,28.45,5.08,45.35,26.95
673,49,0.93,70,21.19,13.93,24.95,40.77
674,12,2.43,404,16.4,10.19,7.02,43.07
675,15,4.91,149,16.18,11.52,39.12,19.66
676,43,1.04,142,26.58,9.99,29.47,84.89
677,26,0.79,254,25.9,9.45,24.75,62.58
678,14,3.58,181,21.89,14.01,33.68,41.67
679,30,3.53,239,26.96,11.31,32.01,11.11
680,11,2.53,295,11.69,11.13,26.68,28.63
681,12,2.05,236,18.93,10.04,43.79,69.48
682,36,4.94,186,11.7,9.81,49.62,31.0
683,20,3.52,145,11.7,13.84,22.29,22.04
684,17,1.48,161,24.87,13.63,22.46,24.37
685,37,1.94,424,17.74,9.83,20.52,43.66
686,31,4.84,408,24.73,13.61,10.46,27.51
687,44,1.27,321,17.23,10.06,39.82,58.15
688,36,4.62,17,20.85,12.72,41.02,66.82
689,26,4.25,60,19.18,11.65,10.03,38.1
690,13,1.32,18,21.95,11.05,9.26,54.98
691,20,2.07,495,13.16,6.67,43.6,53.23
692,37,1.28,287,10.11,5.01,44.57,55.53
693,29,1.44,335,25.74,12.45,16.96,40.82
694,3,4.95,239,29.1,9.69,49.08,31.53
695,44,1.26,479,24.31,7.69,15.34,81.86
696,38,1.39,278,14.29,12.9,41.72,22.8
697,8,2.35,297,12.52,12.69,23.79,14.81
698,10,1.61,462,13.6,7.41,34.45,74.67
699,28,1.28,141,20.36,11.46,31.73,65.15
700,47,4.2,339,28.24,7.24,26.22,40.48
701,41,4.42,32,14.66,13.97,27.64,15.52
702,48,4.06,412,17.33,6.62,30.44,51.74
703,12,4.16,57,27.15,14.29,23.05,57.33
704,39,3.99,31,15.92,10.56,39.36,53.88
705,28,1.83,392,23.85,10.85,49.96,27.93
706,31,2.54,326,10.78,14.42,24.91,45.8
707,44,3.65,288,29.17,14.61,29.61,35.09
708,18,3.28,80,27.15,6.53,28.42,16.84
709,22,2.35,157,22.95,12.51,17.98,84.29
710,35,1.32,431,19.24,14.17,33.42,83.38
711,13,3.65,162,29.2,8.78,34.14,88.14
712,29,4.26,330,29.85,11.63,10.05,64.77
713,41,4.86,232,29.98,7.75,7.43,61.4
714,35,4.81,96,26.42,11.01,23.87,73.88
715,15,3.68,394,28.98,6.35,48.44,48.72
716,23,4.1,170,19.64,11.41,18.76,53.11
717,24,3.41,142,17.97,7.32,44.09,84.0
718,12,3.4,382,28.74,6.51,10.76,15.33
719,7,1.62,301,19.56,14.12,47.88,82.11
720,18,2.97,445,19.32,9.66,11.7,28.72
721,12,3.82,39,15.82,6.35,33.2,69.28
722,6,2.84,228,17.3,9.77,35.76,76.09
723,40,3.94,493,28.93,7.83,23.44,13.71
724,5,4.34,214,25.9,7.02,15.69,87.65
725,29,0.82,475,25.9,13.86,36.15,76.07
726,23,2.43,363,21.52,11.93,49.26,73.11
727,43,3.19,401,17.96,7.37,40.49,15.57
728,18,1.15,83,10.58,7.1,33.88,57.64
729,48,3.74,140,19.99,14.51,40.17,32.8
730,44,0.59,82,20.33,13.21,25.27,14.67
731,19,3.53,471,17.32,12.65,48.27,28.51
732,44,2.67,143,20.59,8.87,18.48,12.24
733,1,2.98,210,13.04,6.6,32.3,50.18
734,23,1.43,235,15.47,14.53,35.69,85.22
735,49,2.83,172,26.26,14.98,7.79,77.5
736,26,4.04,231,25.84,11.63,13.21,53.95
737,42,4.14,389,11.17,6.25,12.91,67.58
738,12,2.96,219,18.63,5.05,30.24,61.79
739,26,4.51,223,24.53,14.1,16.49,30.14
740,11,2.15,382,11.69,9.64,25.16,59.86
741,33,4.81,13,23.7,7.57,47.5,53.02
742,32,1.82,469,27.45,11.1,21.04,68.48
743,33,1.56,374,11.62,10.55,49.71,36.15
744,34,3.28,380,28.39,12.33,17.11,47.57
745,8,2.99,108,13.84,7.23,24.32,26.67
746,21,1.68,339,17.72,12.55,31.32,13.07
747,16,1.64,241,27.09,12.87,18.43,14.79
748,34,2.63,229,27.76,10.16,31.31,88.84
749,19,4.4,369,19.23,14.54,37.81,66.9
750,18,3.85,451,18.69,9.43,13.48,50.32
751,34,2.55,478,11.92,12.62,10.9,23.03
752,6,3.35,337,24.22,11.1,16.46,47.2
753,38,3.68,398,20.54,5.13,18.87,32.58
754,1,4.54,424,23.03,6.79,45.02,26.36
755,26,3.59,476,17.11,7.85,10.29,51.99
756,16,3.29,227,19.33,6.87,20.66,46.36
757,25,3.34,372,16.86,5.93,20.79,66.95
758,21,4.1,488,18.0,8.32,13.71,67.4
759,28,3.83,165,25.01,9.6,23.33,53.55
760,15,3.21,396,29.19,6.68,36.92,61.82
761,49,0.57,206,28.97,7.91,28.29,59.54
762,41,0.63,383,13.35,7.91,6.03,22.84
763,12,3.01,306,29.22,14.22,19.48,64.66
764,15,0.65,411,13.8,13.41,35.38,14.87
765,18,3.66,81,12.48,12.93,42.8,60.98
766,11,3.25,229,28.49,13.2,43.63,26.87
767,23,0.7,181,13.47,14.39,30.72,31.15
768,8,1.59,316,17.13,6.16,27.11,10.64
769,17,4.62,143,28.73,7.8,49.88,64.75
770,40,2.92,222,22.11,14.38,36.63,29.95
771,49,4.86,214,12.0,6.35,43.55,77.32
772,19,2.39,280,29.09,9.8,8.44,57.07
773,30,4.95,393,12.87,8.87,8.81,13.84
774,5,1.9,32,27.34,10.2,49.06,71.83
775,25,3.73,178,12.74,8.21,13.06,12.82
776,31,2.73,383,25.64,9.97,9.99,58.14
777,29,0.82,196,18.26,5.93,14.76,38.59
778,49,4.58,112,27.21,6.19,27.07,52.75
779,4,2.72,186,23.57,10.32,20.51,47.09
780,2,2.95,318,15.7,5.17,31.32,48.75
781,49,4.11,232,17.24,14.79,22.68,57.97
782,41,0.97,386,23.56,6.46,34.11,58.11
783,35,3.7,78,24.69,14.09,30.06,57.69
784,4,4.71,360,17.49,9.24,47.69,32.58
785,48,1.49,348,13.42,13.0,29.27,27.93
786,1,2.81,466,26.59,14.86,30.66,67.41
787,16,2.44,378,29.89,7.09,7.92,72.13
788,28,3.75,223,15.34,12.91,14.95,59.01
789,9,3.36,179,16.76,13.37,47.93,45.53
790,11,1.48,256,12.21,5.87,18.21,65.49
791,44,2.12,256,12.9,13.84,46.14,61.67
792,49,3.18,392,16.79,10.05,35.76,27.37
793,10,4.47,69,27.39,6.95,47.12,31.63
794,3,4.17,460,26.39,6.59,44.2,44.54
795,25,4.82,337,19.15,12.45,11.91,65.16
796,9,3.9,114,11.44,12.8,6.85,41.56
797,49,3.8,75,25.19,13.97,20.5,85.45
798,2,0.99,12,20.96,9.37,7.01,19.21
799,34,4.86,20,24.86,10.21,43.42,44.44
800,48,3.09,143,10.73,13.56,5.06,67.64
801,12,4.04,85,24.38,10.54,41.89,11.67
802,7,2.28,207,24.95,14.16,43.53,23.68
803,41,3.38,432,14.88,11.7,40.52,11.48
804,23,3.44,184,20.93,6.27,24.87,23.26
805,31,1.06,447,28.34,9.71,49.18,21.77
806,40,1.83,312,27.74,12.99,39.55,73.47
807,23,1.41,299,12.92,14.43,21.07,69.82
808,32,4.26,211,11.92,10.05,44.12,64.57
809,12,3.64,312,22.37,7.7,19.77,65.14
810,39,2.28,92,20.77,5.1,7.57,38.91
811,14,1.05,17,24.61,10.14,38.23,55.09
812,3,4.77,279,14.47,7.32,9.3,48.8
813,42,1.25,489,25.18,8.6,43.46,73.44
814,21,3.15,458,23.9,13.4,43.43,28.85
815,42,2.9,51,11.48,5.63,41.97,69.49
816,35,2.55,148,14.21,14.13,24.57,68.98
817,13,4.88,248,11.53,6.02,36.07,39.41
818,5,3.35,115,16.52,10.91,43.41,89.98
819,6,1.77,70,19.71,12.77,18.67,18.49
820,38,3.42,235,21.15,11.71,17.54,83.85
821,12,2.6,301,10.8,12.8,23.76,15.76
822,37,3.93,400,20.46,5.2,14.07,46.09
823,11,2.16,347,11.34,12.79,11.59,53.85
824,33,3.62,452,19.17,7.53,34.53,48.42
825,13,0.73,462,25.32,7.84,24.93,16.52
826,12,1.64,351,28.89,13.02,27.48,52.51
827,46,1.04,159,12.03,14.52,45.9,49.05
828,22,4.24,65,28.75,8.56,10.59,11.7
829,36,0.68,450,20.13,11.39,29.64,27.3
830,8,3.43,173,20.8,14.28,23.54,69.59
831,42,3.69,324,16.32,14.17,47.02,19.27
832,34,0.83,86,10.1,9.38,38.2,17.59
833,32,4.37,375,24.75,12.2,41.55,63.48
834,5,4.02,258,29.57,12.35,23.08,37.82
835,45,4.72,369,23.99,9.01,17.95,62.73
836,12,2.7,319,16.53,6.4,26.71,86.3
837,14,2.77,336,16.47,5.26,22.18,66.11
838,47,0.83,248,23.52,13.58,33.59,16.54
839,23,4.35,406,21.78,14.13,29.75,78.95
840,2,3.46,171,19.45,14.91,20.57,60.55
841,46,4.9,448,28.43,7.27,29.07,53.87
842,32,3.72,229,20.41,11.49,45.98,21.23
843,21,4.86,204,29.43,6.48,8.13,89.89
844,40,4.93,213,12.35,10.91,44.22,73.92
845,10,4.82,19,27.08,8.82,27.85,66.64
846,12,2.39,442,27.27,7.43,26.94,45.85
847,39,4.74,197,13.62,11.03,11.56,49.95
848,28,1.06,173,16.5,7.72,14.04,85.81
849,11,4.44,347,17.33,5.28,22.03,41.72
850,18,1.28,482,21.57,14.26,19.48,49.1
851,12,3.91,426,10.71,10.97,8.34,44.77
852,7,2.87,93,12.0,9.98,22.08,41.37
853,8,2.37,402,25.54,10.33,13.22,30.16
854,48,4.61,153,11.28,5.95,22.85,62.4
855,32,2.86,372,25.57,8.26,46.3,71.9
856,30,2.96,249,15.31,12.28,36.42,58.2
857,10,4.27,480,23.81,12.26,35.33,37.29
858,43,2.94,327,15.27,13.18,32.44,66.44
859,1,4.2,178,29.43,7.89,27.26,28.28
860,45,3.46,210,29.72,5.51,16.38,81.62
861,4,1.24,226,21.72,8.21,25.38,68.56
862,39,0.52,108,24.4,12.76,5.11,53.76
863,32,1.91,35,10.17,14.03,6.75,37.25
864,25,2.29,330,17.6,5.12,19.96,47.1
865,33,3.11,40,17.87,14.28,7.19,50.83
866,28,2.93,474,24.58,14.33,21.99,86.53
867,27,1.96,493,17.86,8.53,8.71,46.91
868,17,2.3,387,22.5,5.39,25.35,26.33
869,49,2.3,396,13.66,5.73,13.71,27.43
870,47,1.88,473,18.94,9.22,20.52,59.9
871,29,2.61,441,29.83,7.22,37.52,84.72
872,4,2.31,297,13.5,7.78,42.48,15.19
873,18,4.39,313,29.26,13.18,41.22,30.69
874,1,3.15,200,28.29,6.5,32.16,26.45
875,44,1.44,434,24.93,7.01,22.13,41.59
876,11,0.5,341,16.57,7.88,13.4,66.37
877,29,4.92,336,10.85,11.14,40.74,63.99
878,40,3.12,399,21.67,13.61,33.63,13.23
879,23,3.98,109,26.11,5.47,23.65,89.34
880,41,3.62,126,20.71,5.65,11.93,77.42
881,49,1.48,142,22.3,12.8,33.29,39.69
882,5,1.15,57,26.12,6.92,27.84,82.3
883,1,2.56,21,18.21,12.94,21.2,78.3
884,7,1.09,14,10.22,10.99,45.98,19.43
885,24,1.15,419,27.78,12.25,37.17,65.81
886,42,4.85,76,12.3,14.59,40.57,14.32
887,21,1.8,298,18.0,8.47,29.28,16.36
888,20,4.79,344,27.79,11.31,20.5,65.88
889,16,2.7,446,10.15,5.98,11.82,16.65
890,44,3.51,218,23.56,7.8,9.58,43.69
891,19,4.97,281,29.73,12.77,10.53,75.29
892,16,4.31,351,25.21,9.15,36.54,34.39
893,22,1.31,247,10.81,7.74,37.53,25.43
894,28,0.87,35,11.2,10.15,16.87,23.35
895,41,3.77,216,12.1,12.12,30.14,65.67
896,5,3.45,405,26.92,12.19,8.18,24.8
897,11,3.35,261,11.98,8.49,30.53,10.71
898,15,3.66,253,25.23,11.95,29.36,41.29
899,28,2.9,151,26.13,6.0,49.54,81.78
900,36,4.89,373,19.24,10.08,39.14,20.41
901,27,3.91,305,22.21,7.96,39.68,64.7
902,26,0.67,375,25.65,10.26,35.78,78.61
903,2,2.74,489,15.36,12.36,24.74,31.66
904,10,1.6,134,14.25,7.74,46.4,80.3
905,39,0.89,352,23.41,7.73,23.13,13.61
906,29,3.65,8,23.44,6.42,26.39,49.44
907,30,3.98,190,11.51,13.02,19.73,63.85
908,9,2.73,8,20.25,10.82,47.06,84.28
909,6,0.93,416,11.06,11.43,49.76,67.93
910,38,4.43,337,17.96,14.31,6.32,72.72
911,12,4.86,86,29.45,8.57,43.7,89.23
912,27,3.26,167,27.41,10.94,14.94,61.69
913,39,4.91,412,15.46,9.17,30.67,68.81
914,48,4.65,443,19.27,14.8,33.02,70.57
915,8,4.66,309,20.71,13.91,48.01,35.88
916,18,2.24,378,15.15,9.42,17.79,56.01
917,7,3.98,276,12.72,5.06,17.32,34.56
918,20,4.64,248,23.97,9.57,32.74,87.92
919,41,4.99,400,12.76,6.79,36.01,71.42
920,40,4.06,212,22.89,8.61,26.78,45.9
921,20,4.17,419,20.01,12.54,18.26,49.74
922,48,2.63,361,26.8,9.62,23.85,17.81
923,22,3.85,317,19.21,11.38,26.65,61.04
924,16,3.51,99,26.19,14.07,19.55,58.18
925,8,4.53,304,17.95,5.91,42.59,85.16
926,29,0.84,158,18.59,11.6,12.07,28.77
927,2,4.25,436,10.81,14.19,23.3,39.4
928,13,0.54,198,28.58,13.25,22.96,10.21
929,31,0.87,87,28.05,13.9,9.06,63.45
930,4,2.78,156,20.43,8.25,18.69,61.94
931,2,4.18,224,12.53,13.7,11.99,51.73
932,24,0.64,185,23.24,13.2,9.73,78.4
933,38,1.11,266,27.41,8.06,15.15,18.23
934,44,2.75,385,12.84,10.93,6.85,57.04
935,40,4.96,378,25.21,9.54,14.55,15.63
936,31,4.27,447,10.28,6.76,38.84,16.38
937,32,1.25,61,11.47,12.62,37.19,53.06
938,43,4.69,413,12.25,6.73,38.19,59.45
939,25,3.26,432,28.39,10.09,33.16,23.81
940,26,2.92,394,29.37,9.36,40.11,83.53
941,30,1.19,420,19.45,14.42,31.86,66.13
942,5,1.59,469,16.98,14.61,24.47,79.4
943,39,2.67,402,18.07,5.47,9.36,50.52
944,42,4.72,381,29.87,9.12,35.43,21.97
945,21,0.74,450,21.95,8.14,11.94,30.96
946,34,3.85,37,26.18,11.26,35.02,20.35
947,34,2.9,475,25.24,5.64,14.13,12.22
948,28,3.11,22,20.13,9.81,7.38,20.14
949,45,3.48,365,16.5,6.31,12.83,69.75
950,9,1.76,21,26.79,8.96,23.81,43.63
951,20,2.05,83,11.14,6.04,36.45,85.43
952,27,2.04,351,16.09,11.41,45.95,84.81
953,22,1.12,427,23.02,8.34,19.33,75.13
954,42,1.63,371,10.58,11.83,44.36,39.15
955,49,3.63,45,25.22,5.08,24.28,52.03
956,47,4.04,23,24.57,6.08,22.03,25.45
957,33,1.84,214,12.88,6.47,12.39,32.35
958,26,3.68,207,11.56,13.4,46.93,75.49
959,48,4.25,99,27.37,7.57,21.84,22.02
960,41,0.88,170,10.2,14.69,29.17,66.04
961,7,1.31,279,23.14,13.74,36.2,36.12
962,15,2.35,325,10.84,9.2,45.42,41.18
963,6,4.39,89,13.24,13.38,9.78,14.86
964,12,3.68,51,28.96,8.46,21.4,68.91
965,7,3.53,234,28.25,13.95,21.35,19.7
966,48,3.03,442,20.4,14.05,35.54,34.25
967,11,3.85,343,21.66,5.83,21.16,23.07
968,6,1.28,401,25.51,12.82,11.27,34.47
969,13,4.97,195,16.64,11.96,45.13,17.51
970,7,1.19,72,13.79,12.0,49.11,29.9
971,46,1.39,397,24.1,5.96,10.97,30.13
972,9,2.27,261,23.18,14.31,13.33,27.09
973,41,3.28,493,28.21,9.64,14.34,41.27
974,14,0.77,338,24.85,10.04,10.11,21.57
975,30,2.94,98,22.14,6.06,7.16,64.48
976,49,1.14,467,10.64,8.02,18.99,51.42
977,43,3.59,492,18.12,13.59,32.09,19.64
978,31,3.27,42,12.41,12.02,31.05,89.07
979,33,3.61,275,18.91,7.77,33.29,39.67
980,44,3.04,135,15.84,11.18,18.7,24.46
981,29,2.65,106,27.84,11.48,43.7,67.73
982,44,4.12,319,10.15,11.65,45.8,31.66
983,35,4.39,324,12.4,10.74,44.25,16.72
984,14,1.99,199,22.22,13.04,28.18,62.91
985,49,0.53,282,12.58,10.86,45.42,82.34
986,15,3.64,119,27.35,8.48,8.22,66.31
987,21,2.2,223,25.77,10.21,15.01,82.2
988,35,4.67,365,17.83,11.08,26.51,14.28
989,46,0.6,444,15.17,14.34,19.87,24.87
990,19,3.42,122,27.72,7.84,12.59,68.68
991,9,2.8,135,24.52,13.32,34.7,43.19
992,36,3.83,441,19.88,13.85,39.92,83.73
993,32,3.58,248,27.76,6.04,27.61,13.42
994,15,1.15,389,17.12,13.65,36.23,73.9
995,3,4.44,499,26.96,11.81,16.66,42.55
996,47,4.73,401,18.15,7.16,41.42,62.34
997,4,3.79,188,26.1,6.08,49.81,42.05
998,14,3.12,5,19.6,14.71,33.52,70.5
999,20,3.53,463,20.54,11.22,44.04,40.58
1000,3,2.76,497,23.31,11.93,22.39,43.71
1001,29,1.79,118,18.02,7.65,29.15,18.8
1002,32,2.53,479,22.07,11.51,13.14,49.25
1003,27,3.02,110,28.96,11.93,27.73,15.21
1004,39,2.71,94,24.48,13.15,23.43,88.81
1005,27,4.69,298,19.9,14.54,11.03,64.26
1006,34,1.09,302,21.24,11.12,35.64,53.32
1007,31,4.9,119,16.16,10.57,41.59,50.8
1008,34,1.69,126,16.76,5.83,48.58,28.88
1009,25,1.57,29,18.0,10.32,8.04,66.43
1010,45,4.78,188,25.47,14.88,7.95,30.15
1011,14,2.32,35,21.38,9.13,35.69,14.47
1012,4,3.33,447,22.01,9.86,30.29,39.9
1013,32,2.37,311,11.75,8.38,42.92,23.48
1014,28,3.68,40,16.17,14.79,14.84,84.93
1015,34,1.04,437,24.25,14.55,31.77,77.75
1016,18,0.96,179,27.39,13.38,7.05,10.3
1017,48,0.91,336,14.4,5.2,48.34,31.08
1018,5,4.76,205,25.71,7.37,10.44,19.09
1019,46,3.04,10,25.04,6.22,32.35,11.98
1020,37,0.97,469,26.01,11.42,22.16,33.54
1021,38,4.65,146,27.68,9.02,7.31,53.34
1022,6,2.01,397,27.75,11.67,17.74,66.12
1023,27,3.55,361,29.7,12.9,5.25,79.02
1024,14,3.88,36,27.84,11.3,34.6,54.48
1025,45,3.52,84,20.63,13.7,8.55,75.7
1026,28,1.98,53,24.92,9.81,49.4,52.55
1027,8,3.89,225,21.06,12.64,29.57,35.91
1028,26,2.66,197,23.62,14.41,33.6,22.19
1029,12,0.66,331,21.35,14.77,29.35,60.97
1030,23,4.43,40,17.36,6.4,34.58,52.52
1031,24,3.35,153,21.74,6.3,17.65,23.77
1032,20,3.07,391,27.89,5.18,28.32,61.15
1033,13,0.9,170,22.06,5.33,11.06,30.01
1034,27,3.85,430,19.52,10.88,39.2,63.93
1035,10,0.94,356,15.41,10.13,34.32,48.36
1036,22,1.26,26,23.31,6.83,12.07,25.97
1037,45,4.72,499,18.61,5.93,28.2,30.01
1038,5,5.0,458,16.54,6.92,22.39,79.23
1039,10,0.64,411,21.62,5.3,19.74,14.22
1040,36,4.81,170,18.31,9.35,15.62,60.93
1041,3,2.0,464,24.38,9.08,5.62,10.22
1042,6,1.25,170,15.11,11.56,15.98,33.42
1043,37,1.36,415,18.84,12.5,5.03,78.97
1044,30,1.85,239,19.75,5.84,29.89,73.88
1045,3,1.62,89,17.93,5.6,32.46,34.17
1046,43,2.86,404,17.17,14.72,42.22,81.18
1047,31,4.17,488,22.37,7.26,21.76,83.22
1048,7,3.56,200,23.87,10.98,47.83,14.94
1049,5,1.13,260,27.13,5.58,15.73,13.5
1050,37,3.36,234,16.33,14.29,25.31,19.93
1051,15,3.78,90,14.56,7.72,37.69,71.99
1052,31,4.43,469,11.21,12.8,24.07,78.29
1053,19,1.63,484,11.37,9.9,42.56,47.11
1054,21,4.77,33,21.47,10.94,16.75,28.49
1055,41,4.43,337,15.53,6.05,46.27,75.31
1056,23,2.61,120,24.4,9.07,15.03,20.69
1057,7,2.89,237,13.55,10.4,23.01,48.98
1058,12,0.58,431,24.01,9.43,18.9,59.22
1059,39,1.88,76,23.11,6.53,33.28,32.53
1060,24,4.31,434,14.72,8.32,26.64,24.93
1061,5,3.22,488,20.04,11.65,19.5,76.84
1062,32,3.67,12,11.89,6.52,30.06,48.07
1063,7,4.54,53,23.06,7.63,22.75,79.6
1064,46,3.33,192,20.56,11.92,29.99,11.36
1065,37,2.0,278,12.82,9.99,15.04,57.26
1066,35,2.8,102,13.6,9.24,18.84,49.61
1067,45,2.31,411,29.53,9.56,34.78,50.33
1068,12,3.53,94,23.95,14.72,33.28,49.18
1069,37,3.46,449,18.99,11.26,24.14,23.5
1070,30,0.69,303,21.75,9.46,41.57,34.74
1071,20,2.32,101,22.68,10.76,41.95,83.93
1072,22,2.99,388,18.75,8.46,17.89,21.89
1073,45,4.1,254,27.3,14.21,33.02,19.11
1074,22,3.08,334,23.49,8.73,42.52,36.69
1075,35,3.74,94,23.98,11.05,28.64,18.68
1076,20,2.38,457,15.3,5.36,19.43,79.6
1077,19,2.88,129,22.62,8.03,40.63,61.62
1078,6,1.86,263,12.83,14.17,12.02,40.19
1079,17,3.67,77,23.41,6.62,23.09,25.45
1080,45,4.21,352,12.12,12.16,6.16,27.26
1081,17,0.8,347,10.43,8.64,43.35,62.0
1082,42,4.34,85,18.15,7.47,47.79,53.88
1083,11,3.66,425,21.96,12.01,29.13,12.17
1084,4,0.76,395,12.06,13.62,21.33,48.79
1085,15,1.88,278,26.92,7.6,38.49,88.76
1086,36,3.83,202,25.84,13.01,12.31,38.53
1087,36,2.22,238,10.45,14.1,40.11,87.27
1088,27,1.92,261,16.41,9.24,44.68,84.9
1089,47,2.58,352,17.22,11.63,17.07,75.37
1090,12,3.68,425,29.53,8.36,7.19,61.23
1091,18,3.96,154,15.75,14.62,43.82,59.83
1092,28,4.72,52,22.17,6.82,17.3,69.57
1093,41,3.39,389,22.23,8.61,11.32,60.15
1094,3,3.18,242,20.75,10.88,14.98,61.91
1095,48,3.73,406,24.54,7.64,41.2,74.72
1096,49,4.73,222,20.39,12.85,45.82,87.46
1097,18,1.81,93,22.47,11.48,30.38,31.83
1098,43,1.45,270,27.39,13.35,8.3,21.14
1099,2,3.49,85,28.51,13.4,43.02,16.08
1100,16,1.87,466,13.53,6.93,43.87,50.2
1101,47,1.31,375,15.35,11.62,14.41,21.3
1102,24,0.82,7,15.46,5.56,5.35,47.21
1103,37,4.52,43,17.38,13.13,39.87,53.72
1104,47,4.4,148,16.09,13.68,6.34,57.89
1105,2,1.89,375,14.51,14.67,16.01,34.69
1106,37,2.22,91,13.63,6.99,44.37,55.43
1107,5,3.1,364,29.63,8.88,5.21,28.3
1108,27,4.41,77,22.83,7.47,46.64,49.05
1109,19,4.43,75,20.38,13.65,6.0,38.92
1110,14,4.0,404,11.96,9.34,27.16,39.36
1111,37,0.54,399,24.02,9.79,10.4,49.21
1112,15,2.54,310,23.89,5.34,31.28,36.15
1113,38,3.68,329,29.98,9.44,22.45,88.33
1114,21,4.52,306,13.47,14.97,28.14,45.36
1115,35,1.27,86,15.29,6.82,20.3,15.0
1116,42,1.09,408,10.16,10.29,21.52,32.19
1117,14,1.94,140,29.18,14.91,9.84,26.75
1118,44,2.92,418,15.72,14.3,8.03,58.72
1119,48,4.3,474,25.52,8.13,25.71,46.81
1120,48,2.46,187,21.48,8.1,7.63,46.24
1121,45,3.98,489,19.85,11.83,11.73,32.56
1122,13,1.72,472,10.39,13.74,32.03,56.65
1123,26,3.41,193,24.81,10.73,40.78,73.36
1124,40,0.61,174,16.45,13.58,38.42,60.13
1125,46,3.5,78,25.13,14.89,15.28,52.39
1126,24,3.34,39,23.66,9.29,14.16,72.74
1127,23,2.65,181,19.08,14.04,21.3,81.2
1128,41,3.95,64,29.3,7.1,49.99,19.9
1129,41,2.32,111,27.52,6.36,47.7,17.41
1130,3,2.18,344,16.28,7.31,47.12,84.57
1131,8,4.5,133,26.04,14.45,19.72,26.48
1132,44,2.04,93,27.07,5.46,5.39,69.99
1133,45,2.81,122,23.79,13.61,6.92,66.89
1134,41,1.05,47,19.06,9.16,29.05,23.68
1135,41,1.74,74,15.95,13.56,6.74,57.04
1136,10,1.53,361,10.85,5.07,49.75,80.36
1137,41,1.89,207,12.26,13.09,9.64,59.8
1138,15,2.72,74,12.49,7.75,40.8,60.19
1139,15,3.13,371,29.0,10.15,35.15,85.24
1140,17,1.53,362,19.1,5.33,26.78,55.37
1141,32,3.33,126,14.61,5.29,12.42,87.02
1142,17,2.99,148,17.57,8.62,29.78,38.01
1143,8,4.8,410,15.45,13.96,39.32,82.87
1144,25,3.64,11,27.26,9.03,11.42,10.3
1145,2,3.29,354,25.18,7.35,19.22,19.78
1146,16,0.85,467,13.34,13.36,18.8,28.8
1147,25,2.79,482,10.24,12.14,23.85,82.87
1148,14,3.78,436,13.0,10.13,48.61,40.68
1149,25,3.46,335,28.16,11.84,31.79,58.09
1150,38,0.58,295,26.39,10.68,23.57,61.25
1151,41,4.41,41,18.69,11.94,25.98,86.16
1152,8,0.86,348,24.61,7.1,14.9,76.61
1153,34,3.25,369,14.1,8.64,23.77,28.89
1154,43,1.5,451,17.03,8.78,42.62,21.85
1155,30,4.24,434,22.06,14.22,46.7,45.02
1156,23,2.99,93,27.7,6.52,18.18,11.79
1157,22,2.4,61,26.67,9.07,5.06,88.12
1158,30,2.76,166,13.04,12.22,32.27,19.33
1159,20,3.24,106,27.41,14.7,46.49,36.89
1160,46,4.66,64,13.07,11.72,7.77,31.45
1161,47,3.78,134,15.19,6.29,30.28,18.81
1162,39,4.48,42,22.84,9.67,36.18,64.76
1163,44,1.45,124,26.72,8.03,44.29,64.54
1164,3,1.77,231,20.63,9.35,16.29,54.95
1165,17,4.3,124,26.35,7.34,9.03,71.67
1166,24,2.65,400,28.1,14.55,27.92,11.01
1167,48,1.78,418,25.85,12.3,35.12,64.24
1168,38,0.88,457,14.23,7.39,23.28,50.81
1169,45,0.72,225,12.18,8.7,7.9,40.34
1170,31,1.87,15,11.75,6.31,22.79,86.27
1171,37,4.72,221,22.79,10.86,43.99,62.42
1172,2,4.63,444,19.68,11.81,41.48,58.53
1173,42,4.7,137,19.0,7.53,39.25,16.7
1174,32,3.65,19,11.61,7.91,7.45,77.17
1175,4,1.38,57,20.77,6.7,5.27,80.16
1176,7,1.1,420,25.79,12.51,16.64,14.63
1177,30,3.43,37,10.02,6.95,35.4,42.32
1178,12,4.29,163,27.05,9.75,41.03,82.93
1179,18,1.73,445,27.11,12.95,31.44,48.0
1180,48,3.38,381,24.79,6.26,19.95,19.77
1181,18,4.95,482,13.15,12.31,29.38,60.88
1182,36,2.71,419,23.87,6.32,21.14,52.59
1183,30,3.37,498,26.43,5.61,33.95,76.33
1184,34,3.87,95,14.2,9.57,33.82,25.92
1185,49,1.35,48,28.21,12.9,11.9,46.78
1186,47,3.32,486,22.72,5.92,37.22,33.29
1187,15,3.73,195,23.62,12.97,12.66,15.18
1188,46,3.42,253,12.01,10.83,13.48,34.62
1189,17,3.22,282,13.73,8.18,28.85,62.84
1190,19,4.1,433,23.95,7.26,29.85,61.32
1191,19,3.87,289,16.37,8.46,29.55,29.37
1192,39,4.48,423,22.66,12.21,34.76,57.25
1193,3,1.23,418,17.12,14.84,7.26,61.77
1194,39,3.89,465,17.76,8.45,11.73,13.72
1195,48,4.41,381,14.2,9.68,31.85,63.0
1196,49,4.63,72,13.22,5.67,15.05,10.59
1197,18,3.9,28,24.82,11.58,15.55,78.88
1198,29,2.01,173,19.06,5.04,29.05,49.96
1199,30,1.07,56,26.0,5.8,18.53,10.85
1200,22,4.32,377,26.31,14.39,40.17,61.99
1201,3,0.56,465,21.91,14.41,5.49,78.99
1202,48,2.01,13,20.91,6.62,46.18,74.63
1203,22,3.9,8,17.54,10.6,5.81,57.47
1204,45,2.78,11,12.52,10.49,47.64,53.03
1205,17,4.32,172,10.15,14.88,38.63,53.88
1206,3,1.85,383,27.17,5.36,44.82,82.14
1207,28,3.33,150,19.42,13.65,42.99,31.34
1208,27,4.4,432,19.15,8.42,8.06,71.97
1209,40,0.52,477,24.68,6.63,14.97,40.09
1210,34,3.94,301,29.73,6.54,10.68,63.38
1211,46,4.65,216,14.13,5.91,49.76,39.81
1212,15,1.95,36,21.11,10.46,37.56,55.08
1213,46,2.94,481,10.48,8.99,14.57,81.34
1214,10,2.09,356,26.94,14.2,7.31,48.05
1215,18,1.97,70,15.09,9.43,34.93,77.43
1216,22,2.49,247,28.45,5.07,5.01,75.29
1217,23,0.89,223,26.1,7.89,20.29,50.73
1218,28,1.41,51,15.05,12.74,39.69,48.14
1219,5,4.76,266,24.76,6.89,46.09,24.5
1220,28,2.45,474,26.69,7.05,25.64,42.05
1221,9,1.11,327,18.08,5.23,24.24,54.21
1222,30,2.92,50,24.33,12.2,25.83,88.46
1223,23,4.97,343,23.11,12.17,6.8,82.16
1224,6,4.38,137,22.75,11.23,36.58,15.24
1225,15,3.05,446,24.84,14.75,13.26,61.78
1226,27,3.16,322,19.01,8.57,34.37,80.87
1227,17,1.56,242,13.88,9.58,42.0,72.18
1228,30,1.36,479,16.79,10.79,17.21,10.31
1229,23,0.67,414,11.38,8.46,36.96,14.08
1230,31,1.21,243,12.51,12.99,17.6,16.51
1231,8,1.34,83,29.75,10.81,19.64,22.69
1232,23,4.58,477,26.16,5.69,6.87,89.24
1233,47,1.89,347,15.79,7.22,23.6,72.35
1234,26,1.55,121,25.07,5.3,22.27,88.41
1235,4,1.1,57,18.15,12.05,45.76,31.82
1236,27,1.17,314,12.97,7.41,33.55,30.14
1237,22,1.34,277,25.64,13.58,42.01,18.76
1238,21,3.4,161,20.3,7.72,45.99,24.12
1239,17,1.34,18,22.33,11.45,30.74,80.08
1240,34,4.29,290,18.43,14.55,44.29,25.76
1241,33,2.84,212,21.16,9.92,22.84,42.72
1242,21,2.93,391,22.16,9.28,32.7,76.26
1243,35,4.41,211,21.68,10.28,8.19,74.17
1244,40,4.97,339,22.16,7.32,25.73,53.51
1245,38,4.72,443,10.78,9.82,10.48,40.36
1246,49,1.17,421,10.27,7.57,34.09,63.98
1247,43,3.58,51,27.74,10.79,44.62,43.4
1248,22,3.38,377,17.85,14.72,29.56,60.4
1249,49,1.75,447,10.22,9.79,40.45,76.73
1250,28,3.09,120,10.5,10.08,9.03,77.15
1251,4,3.33,21,24.16,8.05,30.64,35.75
1252,17,3.15,492,26.95,7.09,42.43,58.84
1253,14,4.68,6,10.28,9.82,17.57,39.26
1254,28,4.86,128,23.64,5.27,11.4,40.12
1255,42,2.2,96,27.0,10.08,8.2,60.61
1256,5,0.6,286,19.39,12.52,7.09,76.31
1257,32,2.57,68,28.88,8.01,33.81,64.49
1258,12,1.64,6,21.96,9.52,23.95,87.28
1259,18,3.29,211,24.99,5.83,48.48,66.12
1260,43,0.99,485,27.67,13.18,42.01,75.02
1261,40,2.11,241,18.06,11.43,20.13,70.56
1262,45,0.54,232,15.24,14.67,33.57,49.08
1263,11,3.59,318,15.31,10.28,46.86,37.12
1264,46,3.68,486,29.24,14.36,45.7,83.07
1265,43,2.94,112,11.88,9.51,12.1,63.97
1266,29,2.6,163,25.1,9.84,19.94,22.67
1267,41,2.32,159,15.29,14.25,41.05,35.74
1268,25,2.71,61,28.14,13.5,36.63,31.46
1269,15,0.88,303,17.16,7.87,43.54,19.48
1270,41,3.44,105,27.47,12.89,35.26,21.99
1271,2,4.71,84,20.65,5.58,30.93,69.35
1272,38,0.88,263,27.86,12.8,35.31,86.88
1273,27,2.94,367,18.0,12.71,18.76,59.38
1274,23,2.15,195,22.5,14.12,28.04,43.82
1275,22,2.1,154,21.85,11.96,49.76,40.77
1276,16,3.87,37,21.7,12.23,27.68,58.09
1277,44,0.76,462,20.59,5.49,12.59,57.86
1278,45,0.91,217,26.25,6.24,13.78,67.13
1279,19,3.16,202,11.94,13.43,11.53,63.68
1280,19,0.76,92,22.36,6.15,22.72,60.99
1281,38,2.82,307,23.91,9.89,47.61,55.02
1282,4,1.86,54,25.08,10.83,22.13,16.61
1283,20,1.61,17,12.83,5.63,5.2,63.49
1284,42,2.96,122,14.86,14.73,20.05,42.54
1285,7,2.24,73,12.47,12.06,27.95,41.92
1286,48,1.7,378,17.42,11.56,22.25,31.52
1287,25,1.93,285,24.16,11.12,36.77,70.4
1288,41,4.29,480,18.23,6.02,40.55,32.44
1289,38,3.54,261,25.01,8.24,12.04,17.34
1290,15,4.64,6,14.35,6.15,18.42,41.94
1291,6,3.04,78,18.54,10.56,34.84,34.18
1292,28,3.02,372,26.03,13.66,38.15,37.92
1293,9,1.55,243,26.35,11.55,23.1,58.86
1294,41,1.83,92,23.18,14.21,33.41,84.33
1295,25,0.99,75,12.12,11.59,30.86,51.47
1296,29,3.85,328,29.05,6.52,16.28,51.09
1297,25,3.52,111,19.02,14.25,25.79,85.67
1298,4,2.31,353,27.02,14.12,23.15,69.56
1299,15,3.89,94,26.14,9.84,32.49,69.27
1300,24,1.05,298,22.83,10.91,13.44,20.17
1301,42,4.12,126,25.48,14.14,24.63,63.49
1302,20,4.83,243,16.78,13.04,42.26,43.88
1303,40,0.68,259,25.92,11.1,36.91,39.11
1304,19,2.62,310,11.74,8.95,8.96,16.94
1305,49,3.49,254,13.38,12.89,43.7,49.71
1306,26,2.41,73,12.36,11.03,9.95,37.3
1307,41,4.0,463,14.29,7.37,18.84,10.28
1308,28,1.78,454,13.12,6.33,30.35,87.02
1309,37,3.53,63,25.98,13.27,38.12,60.63
1310,30,1.33,275,19.87,12.08,17.26,48.84
1311,16,4.03,186,17.37,11.67,9.51,73.97
1312,31,3.49,335,26.62,6.93,5.98,60.3
1313,19,0.73,294,29.59,13.3,41.65,11.98
1314,49,2.52,92,13.39,14.16,30.33,72.55
1315,20,2.17,276,29.8,13.39,16.76,73.51
1316,39,1.85,52,26.55,8.69,38.68,68.31
1317,35,2.37,395,11.2,5.82,5.54,38.49
1318,19,2.69,208,21.44,14.5,27.92,61.99
1319,13,1.32,95,10.42,12.16,38.01,27.72
1320,2,3.09,84,20.42,7.49,15.3,86.08
1321,29,0.57,56,13.99,10.53,31.11,80.92
1322,47,2.05,381,26.49,13.76,11.65,28.6
1323,4,4.53,171,10.77,9.62,41.4,68.45
1324,12,3.57,21,17.32,13.55,25.65,62.62
1325,18,4.69,442,21.91,9.19,29.14,78.47
1326,43,4.85,472,29.69,13.93,17.06,84.22
1327,48,3.19,419,21.72,7.92,12.54,16.57
1328,20,0.61,276,20.64,12.38,30.68,64.47
1329,38,3.76,223,23.38,9.49,32.25,82.96
1330,10,3.86,298,17.86,11.19,27.31,73.95
1331,8,2.64,169,20.84,10.53,9.49,50.46
1332,25,2.5,394,16.39,14.37,43.61,72.54
1333,49,4.42,119,15.63,6.38,20.07,52.16
1334,9,2.85,308,20.36,11.07,30.15,27.42
1335,26,1.23,120,25.87,9.6,30.21,53.91
1336,6,2.0,446,15.65,13.96,16.03,63.9
1337,17,4.05,343,12.9,10.62,15.26,25.04
1338,31,4.51,230,16.16,8.39,23.97,57.55
1339,34,2.48,350,20.64,9.17,44.4,13.67
1340,20,3.42,204,17.14,6.15,8.5,60.37
1341,39,2.44,260,14.73,7.56,15.46,30.64
1342,13,4.92,162,23.69,8.55,6.23,30.86
1343,30,2.51,369,14.76,8.97,11.14,61.32
1344,27,1.55,331,18.72,8.39,24.25,61.26
1345,33,4.22,431,11.09,12.62,32.59,89.07
1346,39,3.97,280,12.24,14.83,6.04,63.82
1347,28,3.7,290,22.22,9.18,38.4,34.71
1348,15,4.64,175,23.48,10.71,11.85,14.96
1349,29,3.87,440,26.64,6.05,29.51,86.64
1350,37,3.16,187,19.93,6.45,5.62,64.47
1351,16,3.45,360,16.45,5.92,41.23,22.13
1352,28,0.68,39,15.63,8.08,9.66,44.01
1353,36,2.85,355,17.95,11.54,47.14,71.08
1354,6,4.11,14,18.0,6.2,40.24,41.03
1355,5,3.64,169,12.24,5.23,42.56,29.03
1356,47,4.08,240,10.44,14.58,29.87,34.89
1357,13,4.27,313,26.15,8.03,13.11,56.73
1358,4,1.24,480,16.32,6.68,47.55,89.03
1359,8,2.55,258,15.26,14.87,22.85,74.4
1360,27,4.24,204,19.43,14.17,15.81,68.69
1361,35,2.93,185,23.86,14.42,34.7,80.41
1362,45,2.5,352,19.9,5.4,35.68,50.48
1363,9,2.97,256,23.97,5.77,15.29,15.12
1364,17,3.02,171,26.96,12.68,30.86,37.8
1365,3,4.18,412,23.91,8.93,27.33,18.82
1366,39,1.61,127,17.67,5.02,8.26,40.52
1367,9,3.83,479,24.94,7.1,31.03,81.6
1368,44,1.89,374,29.07,10.01,48.04,42.2
1369,42,3.24,393,14.29,6.46,43.25,56.07
1370,19,1.63,152,29.01,5.93,45.01,89.68
1371,6,0.85,368,16.68,13.72,27.93,46.8
1372,33,0.64,132,11.56,6.64,8.21,78.75
1373,44,0.99,244,22.47,10.05,28.12,49.08
1374,43,3.88,194,20.29,14.93,8.18,74.87
1375,24,1.14,308,28.8,9.5,44.82,66.63
1376,27,4.64,337,27.19,11.24,42.56,25.49
1377,10,3.67,147,15.94,14.63,33.1,13.17
1378,6,2.87,173,11.88,11.02,28.88,32.49
1379,41,0.88,285,13.68,7.34,8.52,38.09
1380,2,4.59,30,11.71,11.86,43.65,79.86
1381,20,2.4,490,13.94,7.81,27.7,13.01
1382,4,4.02,390,21.81,7.75,42.19,87.41
1383,43,3.85,428,21.9,12.6,19.83,10.09
1384,39,2.84,190,21.52,9.58,37.79,43.5
1385,37,2.38,169,19.91,10.25,12.75,68.13
1386,6,1.95,113,15.43,14.15,45.98,19.85
1387,33,4.86,64,27.01,8.48,13.97,39.84
1388,36,1.34,316,21.57,8.07,39.12,70.8
1389,35,4.76,259,15.39,10.47,21.2,37.17
1390,8,3.84,407,13.18,13.05,8.43,11.4
1391,32,0.99,184,26.37,8.15,35.86,67.88
1392,43,4.99,368,18.11,10.83,8.86,57.2
1393,12,4.41,440,13.62,10.18,19.69,46.88
1394,31,3.71,414,16.73,10.85,48.63,44.1
1395,43,3.28,397,28.26,5.86,45.9,50.86
1396,20,3.35,421,12.43,13.85,30.78,55.26
1397,1,0.78,432,27.96,13.93,45.02,21.09
1398,29,1.72,50,17.12,8.88,29.09,78.97
1399,36,4.33,397,11.18,13.78,30.05,64.9
1400,45,0.76,250,17.53,5.83,14.34,36.23
1401,1,2.2,144,14.24,6.88,25.31,24.39
1402,35,3.32,143,21.89,9.6,14.13,65.42
1403,33,3.24,288,15.12,6.4,11.81,27.05
1404,37,2.56,228,16.79,13.85,48.53,61.11
1405,14,4.41,217,19.07,12.17,16.51,42.66
1406,5,0.84,106,16.32,13.52,36.32,65.6
1407,3,4.76,145,19.78,10.9,37.02,80.77
1408,23,1.31,444,12.32,14.93,20.93,12.38
1409,21,4.37,147,12.28,5.45,25.12,26.37
1410,17,1.58,133,18.16,12.45,20.46,18.13
1411,34,3.34,371,14.6,6.11,10.07,31.79
1412,21,2.67,161,13.61,12.09,17.01,21.06
1413,2,4.44,35,17.38,14.13,17.82,23.09
1414,25,0.51,363,26.23,9.02,11.24,14.98
1415,32,1.19,136,19.65,8.69,30.78,51.11
1416,2,4.18,71,10.27,9.05,36.36,33.9
1417,9,4.61,197,11.01,9.41,40.94,21.81
1418,30,1.39,290,12.29,7.11,48.34,58.18
1419,38,4.83,110,20.38,10.82,25.66,29.17
1420,34,4.95,422,10.88,11.81,25.2,52.45
1421,29,3.51,104,24.95,6.62,36.96,74.0
1422,6,3.12,481,26.59,7.06,11.54,76.44
1423,11,3.14,58,28.16,11.47,26.91,38.79
1424,25,2.42,115,14.26,5.05,26.04,79.7
1425,36,3.47,396,10.77,6.92,25.53,33.29
1426,2,1.45,45,22.02,11.68,15.19,28.68
1427,27,3.91,279,23.36,13.02,18.28,38.32
1428,24,3.6,31,10.9,5.93,6.78,66.76
1429,40,2.35,295,11.42,5.79,49.79,68.35
1430,39,2.58,303,18.54,5.79,45.36,23.37
1431,4,0.77,415,24.15,5.78,17.06,67.22
1432,41,2.99,34,17.69,8.47,44.5,80.72
1433,46,3.53,95,27.64,11.41,5.09,21.27
1434,34,3.07,446,11.92,13.9,32.76,49.59
1435,11,2.84,402,16.0,5.56,19.39,13.31
1436,43,2.02,478,15.16,14.03,44.62,74.05
1437,2,3.32,53,18.67,6.7,11.69,76.77
1438,44,2.95,164,28.58,6.77,9.31,78.97
1439,44,2.27,288,14.31,13.56,49.72,26.5
1440,38,0.62,239,28.12,13.76,40.17,64.51
1441,6,3.52,34,25.53,9.59,8.99,67.24
1442,29,2.24,192,20.94,5.82,42.13,51.06
1443,2,2.18,48,13.76,12.46,44.68,79.96
1444,4,4.93,437,17.96,12.72,45.21,73.49
1445,14,3.25,221,19.34,5.23,22.7,36.42
1446,7,3.84,119,22.44,6.3,23.22,17.86
1447,18,4.1,492,16.78,8.28,49.53,36.44
1448,29,1.62,471,28.51,5.83,31.62,85.01
1449,32,0.7,395,15.56,5.32,14.72,85.0
1450,37,1.89,5,22.45,8.47,15.91,78.13
1451,6,2.25,268,14.45,9.0,47.94,36.77
1452,17,2.95,286,28.76,6.42,13.0,12.77
1453,19,1.41,230,24.63,13.32,47.94,10.1
1454,30,3.05,60,24.72,9.04,39.18,67.42
1455,29,1.83,203,20.75,5.77,33.59,88.49
1456,6,4.08,470,21.63,9.57,28.56,53.25
1457,30,3.46,40,11.18,9.29,32.86,54.62
1458,22,4.35,127,17.77,6.81,38.26,84.31
1459,41,2.35,84,10.78,10.08,43.6,32.58
1460,48,1.12,9,18.03,5.61,12.01,49.97
1461,34,4.53,358,15.27,10.2,20.01,17.26
1462,45,1.33,73,21.94,10.23,48.31,51.08
1463,10,2.44,37,20.03,7.92,40.01,83.77
1464,43,4.62,85,17.13,7.81,43.31,59.08
1465,6,3.12,134,29.52,14.37,9.29,40.4
1466,29,4.24,266,25.36,9.22,36.27,45.41
1467,11,2.42,346,10.52,8.05,15.71,72.64
1468,16,1.39,44,12.97,14.97,25.37,16.12
1469,3,3.85,404,27.19,9.67,17.9,28.95
1470,5,1.72,421,19.98,10.83,20.14,52.99
1471,32,4.98,51,12.34,11.6,30.66,41.04
1472,7,2.62,434,17.04,13.81,31.26,47.74
1473,28,0.66,282,16.87,6.38,24.52,82.19
1474,46,0.51,222,13.21,7.66,7.24,12.69
1475,21,1.56,403,26.14,13.18,13.18,36.43
1476,20,2.24,394,17.77,7.42,43.43,45.01
1477,42,0.52,84,24.42,9.78,13.02,79.16
1478,1,0.79,192,25.63,12.06,30.0,28.01
1479,27,2.49,449,19.12,7.71,39.64,26.99
1480,26,3.5,220,11.59,8.95,34.67,45.33
1481,49,3.31,289,23.67,8.46,40.61,71.97
1482,18,1.07,342,24.87,11.18,39.24,86.31
1483,8,2.84,284,29.61,8.19,44.59,80.1
1484,25,2.91,196,21.94,14.81,10.1,22.51
1485,20,2.69,115,27.43,5.02,37.7,68.59
1486,7,2.16,397,21.12,12.34,33.14,47.17
1487,8,2.73,42,10.42,6.22,32.72,40.2
1488,29,4.82,344,22.58,6.92,38.12,36.03
1489,47,2.01,240,16.33,8.15,5.09,42.09
1490,41,2.24,29,16.83,5.98,45.36,52.94
1491,6,1.88,403,17.2,5.73,37.32,38.22
1492,37,4.78,28,15.44,13.86,6.06,59.27
1493,40,1.26,447,17.99,13.91,9.2,40.12
1494,20,3.64,379,11.15,12.27,37.54,20.12
1495,14,0.74,265,15.31,7.02,29.78,64.8
1496,29,4.8,159,28.47,10.55,32.81,16.61
1497,12,1.22,265,21.6,10.15,47.62,42.63
1498,36,2.13,67,24.05,11.41,13.03,67.72
1499,45,0.75,325,26.63,5.23,26.71,81.71
1500,6,4.25,475,14.98,12.3,25.25,15.95
1501,7,3.58,344,10.48,12.5,15.45,75.6
1502,9,4.33,420,19.78,8.37,49.57,60.9
1503,8,4.14,428,26.75,14.1,48.45,26.08
1504,4,1.92,436,19.82,13.89,20.56,21.78
1505,3,2.55,271,23.1,7.09,32.72,78.7
1506,9,3.68,241,23.84,6.5,36.25,78.14
1507,24,1.18,322,19.59,12.24,6.88,51.84
1508,46,3.96,441,25.3,6.42,36.31,74.66
1509,39,4.96,200,17.84,10.4,13.31,62.35
1510,31,0.74,404,19.6,6.4,17.62,18.48
1511,7,3.46,254,14.39,12.59,22.05,27.78
1512,24,2.03,161,20.74,6.2,40.34,59.29
1513,3,1.26,387,23.04,7.14,28.28,60.75
1514,44,3.41,376,25.53,6.52,9.27,23.27
1515,35,1.58,108,27.53,5.63,21.28,37.11
1516,43,3.8,94,17.71,8.14,46.54,83.66
1517,15,0.6,305,21.18,5.76,35.89,39.52
1518,9,4.29,79,23.2,13.29,12.03,63.07
1519,44,3.46,106,14.24,13.53,25.47,79.49
1520,24,3.86,350,21.94,12.44,38.23,29.72
1521,15,4.81,130,23.06,5.63,37.43,14.49
1522,40,4.39,8,28.61,13.12,29.04,57.23
1523,16,2.33,308,16.45,14.26,5.07,85.29
1524,33,4.26,407,17.19,7.81,19.51,50.11
1525,21,3.72,186,11.58,11.9,40.66,29.99
1526,11,2.77,83,17.07,8.4,15.62,73.17
1527,6,3.98,269,22.64,13.0,14.89,17.63
1528,12,2.76,130,16.03,6.89,27.1,12.58
1529,42,1.08,54,14.15,5.72,40.15,35.16
1530,37,3.81,472,29.91,7.97,30.47,15.09
1531,23,2.01,479,28.54,14.19,24.35,70.25
1532,34,2.17,410,15.63,14.35,32.0,44.91
1533,46,3.91,335,20.18,10.8,7.29,30.82
1534,36,3.62,470,22.89,6.4,30.22,13.65
1535,20,4.19,60,27.22,9.45,9.61,65.32
1536,37,1.21,142,23.46,12.37,22.36,29.35
1537,31,2.93,154,25.23,10.14,7.66,51.32
1538,13,1.37,302,13.18,9.54,37.95,78.35
1539,6,4.35,34,14.23,8.95,21.84,14.55
1540,29,3.06,309,25.13,11.85,23.45,19.82
1541,43,2.4,165,15.26,10.06,10.99,18.91
1542,48,1.93,18,22.78,12.51,45.32,47.68
1543,41,4.04,252,10.27,8.24,5.74,66.99
1544,48,1.89,458,13.42,9.32,26.15,21.61
1545,40,2.86,42,12.84,12.86,39.15,29.86
1546,14,2.21,342,10.21,11.14,36.31,18.36
1547,15,4.86,61,29.47,7.7,49.46,23.72
1548,35,1.78,179,22.26,9.73,43.47,75.95
1549,13,0.8,19,16.38,8.42,19.97,11.41
1550,32,4.8,26,16.85,9.08,36.47,64.39
1551,21,2.07,283,28.43,11.8,20.71,26.23
1552,44,2.82,198,18.16,13.01,7.95,18.17
1553,5,3.89,359,29.64,6.84,6.09,70.36
1554,39,1.37,175,11.28,9.88,22.72,20.59
1555,34,1.1,131,29.4,13.08,22.79,84.7
1556,43,3.66,496,13.14,14.85,16.01,27.73
1557,2,2.98,33,24.96,5.5,48.0,49.55
1558,22,3.78,304,18.86,10.78,16.73,25.61
1559,7,3.19,374,21.06,8.87,49.14,47.72
1560,8,4.12,484,20.57,5.82,24.66,19.21
1561,2,2.69,76,10.55,14.07,27.86,52.78
1562,31,3.93,381,29.57,7.76,38.92,39.37
1563,30,3.15,452,15.33,11.22,47.52,20.02
1564,43,3.65,314,14.64,6.63,21.69,88.48
1565,20,3.4,203,25.1,12.72,16.59,21.48
1566,44,4.37,465,14.11,5.8,46.59,44.23
1567,42,4.02,417,13.88,9.46,8.2,71.63
1568,30,2.29,320,26.59,7.7,39.7,19.29
1569,46,4.55,366,10.85,6.53,34.05,64.48
1570,32,1.11,487,15.05,12.26,16.92,30.5
1571,46,1.52,488,26.67,13.03,27.21,74.58
1572,39,3.41,457,11.3,10.78,31.64,66.77
1573,44,4.91,139,26.55,14.95,39.29,53.56
1574,7,1.04,67,28.09,7.92,24.78,88.8
1575,29,3.89,341,18.77,11.82,49.71,35.03
1576,33,4.02,130,26.29,13.88,40.49,70.09
1577,37,1.73,146,18.41,7.86,8.66,26.35
1578,29,3.37,495,21.79,10.61,33.65,79.57
1579,35,4.12,312,29.36,11.8,45.83,82.54
1580,5,3.07,183,14.61,5.52,22.18,20.38
1581,1,4.16,200,25.35,14.37,44.84,38.5
1582,34,2.65,213,17.64,9.25,30.0,68.93
1583,26,4.67,143,24.97,11.74,11.25,41.68
1584,14,4.17,406,15.45,13.15,29.47,53.87
1585,46,3.51,292,28.08,14.09,13.26,44.41
1586,40,0.51,473,11.23,5.12,35.86,72.19
1587,14,2.7,496,20.35,5.52,34.48,76.37
1588,35,1.04,166,12.72,8.98,42.31,61.31
1589,34,4.3,142,16.04,10.98,18.35,37.39
1590,33,3.93,245,13.58,11.48,9.55,73.83
1591,36,4.29,160,29.32,11.41,23.29,52.03
1592,15,0.5,312,28.55,6.9,21.36,44.6
1593,21,1.89,19,12.2,13.27,10.86,60.41
1594,31,1.58,170,20.45,14.78,44.13,37.47
1595,34,4.92,446,23.74,13.0,11.2,43.85
1596,24,4.38,322,13.84,10.82,15.07,36.72
1597,3,4.0,311,20.94,8.71,45.09,67.41
1598,8,1.26,495,28.61,10.72,40.9,50.31
1599,1,1.89,365,10.76,14.73,22.29,25.36
1600,42,0.5,463,27.37,7.3,26.03,31.99
1601,21,2.81,450,24.3,9.72,41.48,53.14
1602,20,1.35,221,12.16,11.3,47.47,75.81
1603,39,0.65,26,26.22,7.17,26.71,45.64
1604,11,1.87,11,28.0,8.49,42.62,29.98
1605,19,1.11,116,20.2,6.03,34.9,66.52
1606,12,1.24,382,12.6,5.8,12.27,76.17
1607,40,4.49,302,21.19,13.37,45.38,18.86
1608,23,3.45,63,11.75,14.93,45.11,22.23
1609,23,0.64,296,16.17,5.07,25.6,22.27
1610,15,1.16,223,29.85,11.92,12.49,82.99
1611,23,1.23,122,19.15,7.47,10.76,26.61
1612,11,2.1,112,12.37,10.26,16.91,27.21
1613,3,4.39,234,10.37,12.43,40.14,34.83
1614,46,4.78,333,25.21,10.4,43.52,82.18
1615,37,2.78,46,10.63,8.3,11.31,66.04
1616,17,1.07,54,29.06,5.58,42.14,59.74
1617,25,3.52,195,27.57,14.84,25.62,87.32
1618,9,1.85,22,28.7,5.91,9.43,71.55
1619,10,4.25,483,13.55,11.98,27.13,78.36
1620,7,4.71,385,14.94,14.39,34.06,51.56
1621,47,2.83,339,21.04,8.55,31.76,34.84
1622,43,3.21,247,17.01,14.28,16.9,74.25
1623,11,4.51,189,14.74,10.22,27.46,12.27
1624,5,3.83,75,10.14,10.86,39.68,38.37
1625,40,1.93,211,27.32,13.19,40.95,38.41
1626,29,2.88,479,17.52,10.7,28.33,86.95
1627,49,4.08,160,11.89,13.18,21.29,48.78
1628,3,3.59,486,11.53,9.19,18.39,31.34
1629,12,3.01,468,21.04,8.87,29.6,66.62
1630,40,2.91,206,20.32,12.74,42.42,19.6
1631,22,2.42,351,21.88,13.72,15.36,16.79
1632,44,0.59,184,29.05,10.33,24.67,59.55
1633,8,4.7,33,29.76,10.31,30.37,82.73
1634,43,4.87,347,20.07,7.02,43.77,13.79
1635,22,0.91,203,25.68,10.17,45.84,38.66
1636,40,1.57,262,16.85,7.7,11.43,25.15
1637,36,1.05,301,12.24,14.62,37.86,40.8
1638,22,4.31,60,17.8,12.14,7.52,39.7
1639,44,1.21,16,13.71,7.89,15.56,70.49
1640,29,2.37,390,23.72,13.64,34.36,62.76
1641,21,3.3,387,22.63,8.9,44.17,71.73
1642,48,1.87,471,19.27,7.96,31.2,13.94
1643,18,3.74,432,22.48,11.14,5.26,59.2
1644,46,4.75,293,11.54,9.79,8.5,12.47
1645,34,1.57,277,20.62,7.93,46.5,88.07
1646,23,2.26,345,14.8,7.81,6.36,17.48
1647,39,3.32,466,14.63,9.0,23.4,12.01
1648,15,2.44,373,12.37,6.1,33.57,17.55
1649,33,3.09,296,24.08,9.35,26.29,34.73
1650,32,4.84,75,27.05,13.21,27.81,89.62
1651,18,3.41,52,27.2,7.12,10.1,70.94
1652,15,3.22,305,19.56,13.83,27.12,80.32
1653,39,2.94,108,11.93,12.14,6.45,36.16
1654,36,2.29,457,27.32,9.25,28.15,53.52
1655,22,1.91,280,14.86,7.05,42.19,49.46
1656,39,2.61,172,26.7,10.08,17.02,41.3
1657,37,1.91,123,24.81,14.11,7.42,79.29
1658,32,2.73,154,16.86,7.11,24.74,62.58
1659,41,1.16,204,22.6,13.24,41.13,71.39
1660,44,4.9,123,26.71,9.3,39.83,22.49
1661,36,4.92,250,16.76,5.04,27.93,18.86
1662,3,3.02,385,18.21,6.19,45.57,46.89
1663,38,4.18,360,13.97,7.56,20.02,54.0
1664,22,2.27,210,29.15,8.27,32.44,24.92
1665,34,4.17,116,10.91,11.22,25.59,64.95
1666,19,4.22,308,22.12,8.0,30.69,18.5
1667,26,1.02,187,27.94,11.21,17.69,83.7
1668,40,2.03,258,28.95,14.84,44.29,24.95
1669,3,4.16,102,12.99,10.61,29.55,55.03
1670,35,3.22,383,14.13,11.05,49.55,77.07
1671,3,1.98,283,20.21,7.28,7.56,86.87
1672,26,4.99,101,20.73,13.93,23.14,87.64
1673,33,4.19,30,26.53,6.95,40.71,44.23
1674,29,1.05,125,26.09,8.44,22.77,60.82
1675,18,3.26,339,21.13,11.91,6.82,35.87
1676,14,1.64,121,13.39,12.15,34.52,12.71
1677,7,2.74,446,16.58,5.48,31.4,28.23
1678,7,2.08,159,27.07,8.31,18.19,68.77
1679,32,3.86,229,20.06,13.84,46.48,43.9
1680,42,3.73,161,12.03,8.96,6.92,85.87
1681,36,3.04,99,20.12,9.48,44.77,59.65
1682,36,1.78,485,12.73,14.64,9.47,71.83
1683,35,4.55,119,26.0,10.07,41.13,86.17
1684,9,4.63,40,25.67,8.12,33.31,16.44
1685,40,0.89,200,14.53,11.85,44.58,72.15
1686,5,2.67,221,11.48,7.14,30.57,79.74
1687,44,3.97,257,11.15,12.38,6.75,11.4
1688,24,2.2,404,22.22,10.86,9.51,77.54
1689,21,3.7,17,18.16,8.58,8.7,17.76
1690,42,0.83,223,27.8,10.89,28.9,47.6
1691,29,2.84,441,29.51,8.97,22.18,29.88
1692,1,3.05,237,26.64,14.34,36.82,53.36
1693,18,2.39,375,20.04,12.04,47.59,32.28
1694,8,4.73,241,21.08,6.87,19.19,82.14
1695,47,4.8,130,15.02,10.47,36.34,84.6
1696,47,1.17,379,15.73,7.78,11.46,48.41
1697,11,2.47,196,27.98,5.48,24.42,62.06
1698,48,3.86,107,26.36,6.16,37.9,14.5
1699,22,3.18,453,19.66,6.76,39.17,52.74
1700,48,1.74,51,13.72,14.82,20.63,31.88
1701,8,1.25,53,23.58,7.68,28.22,41.0
1702,26,4.69,484,29.49,8.87,29.1,19.55
1703,36,2.55,154,29.88,7.42,33.85,17.25
1704,9,1.96,390,10.74,8.5,32.67,23.77
1705,5,4.32,122,10.23,9.39,40.16,62.69
1706,42,1.24,190,24.63,13.27,32.32,13.37
1707,4,0.7,185,27.99,12.16,20.26,23.61
1708,34,2.46,61,10.86,13.09,38.18,16.32
1709,18,4.16,29,25.9,11.01,15.95,86.18
1710,39,1.03,256,16.22,11.02,14.42,47.56
1711,34,1.75,9,25.14,7.12,24.98,15.2
1712,41,1.81,355,28.08,14.4,14.13,84.17
1713,45,2.34,452,17.77,12.05,13.67,67.93
1714,23,2.45,76,12.69,13.93,31.09,28.47
1715,16,1.11,369,27.35,8.0,21.7,87.74
1716,11,1.51,40,10.67,5.9,28.39,47.02
1717,5,3.63,255,19.72,10.63,37.93,87.44
1718,23,3.38,198,12.4,6.84,49.08,74.7
1719,45,4.22,26,15.72,12.12,22.29,54.49
1720,35,1.49,126,24.48,11.51,18.12,61.0
1721,49,4.23,28,17.66,13.83,11.93,33.65
1722,42,3.13,332,19.45,14.88,47.87,74.99
1723,38,4.24,251,25.63,12.65,13.96,88.04
1724,22,1.45,217,26.9,11.48,29.14,72.53
1725,35,0.8,94,24.95,8.33,8.56,70.51
1726,12,2.98,149,18.97,12.58,8.74,29.54
1727,1,4.97,48,13.99,12.4,34.47,38.46
1728,32,4.64,494,14.79,8.54,33.53,60.21
1729,37,1.37,261,25.86,10.97,43.7,73.39
1730,29,3.59,91,28.27,7.99,23.44,79.84
1731,8,4.73,143,23.1,10.4,20.77,75.79
1732,34,3.14,293,26.34,11.31,48.64,43.47
1733,21,2.99,228,13.85,13.75,41.11,11.55
1734,7,4.3,494,16.54,10.43,26.12,57.51
1735,37,1.02,59,15.56,10.63,30.76,44.38
1736,10,3.86,269,27.26,13.05,21.9,62.67
1737,32,3.4,392,16.06,12.41,26.49,65.08
1738,19,4.7,80,21.35,10.45,16.18,21.93
1739,28,3.86,59,27.9,8.99,33.67,59.76
1740,27,4.48,455,18.33,9.42,34.8,69.3
1741,40,3.74,204,13.9,13.87,21.94,68.5
1742,32,4.94,240,20.58,10.08,6.23,86.9
1743,28,4.32,201,13.66,9.78,42.88,12.29
1744,24,2.67,494,15.18,13.18,18.01,60.2
1745,25,4.7,495,20.33,8.52,22.98,76.88
1746,10,4.19,199,29.91,6.32,14.38,48.83
1747,7,3.87,347,21.78,9.17,48.74,25.26
1748,42,1.19,436,26.62,9.87,13.95,89.97
1749,28,3.05,474,15.95,9.47,18.41,71.78
1750,24,3.87,296,15.73,7.4,32.55,64.98
1751,13,3.24,324,21.93,11.36,35.96,76.43
1752,20,1.1,252,24.4,6.5,43.94,45.25
1753,43,1.65,110,20.12,12.41,14.92,45.79
1754,16,1.38,308,16.04,8.41,45.73,74.79
1755,16,2.99,485,10.6,14.98,18.05,82.0
1756,18,1.47,219,14.66,9.45,8.2,60.93
1757,29,1.36,38,24.05,12.3,47.68,82.4
1758,41,3.93,99,10.25,8.18,47.25,79.12
1759,24,4.25,297,20.67,9.22,41.17,61.52
1760,3,1.85,498,26.84,10.19,37.77,67.79
1761,32,4.1,323,13.72,10.07,21.1,42.0
1762,39,4.23,206,24.02,7.85,37.32,40.57
1763,1,1.91,467,22.86,12.94,46.42,28.57
1764,1,4.37,33,16.17,13.82,20.91,40.36
1765,21,1.19,242,16.6,11.39,41.11,64.12
1766,47,1.5,118,25.34,12.38,11.94,15.01
1767,20,2.14,450,21.24,5.84,32.51,16.39
1768,2,1.07,109,14.88,9.72,26.72,35.94
1769,28,2.15,182,20.44,8.35,33.84,80.43
1770,37,3.1,103,26.49,7.83,25.37,14.87
1771,21,0.96,248,17.01,12.14,6.42,76.08
1772,46,2.75,381,22.52,11.53,9.58,82.75
1773,2,4.19,303,26.31,13.55,19.19,36.97
1774,48,3.15,94,25.03,12.99,47.01,27.56
1775,33,3.16,61,18.55,9.69,41.2,57.72
1776,20,3.69,26,18.14,9.68,17.46,79.92
1777,28,2.47,383,28.66,9.49,41.62,40.32
1778,5,2.71,198,19.99,5.1,34.48,18.71
1779,39,2.7,81,27.17,13.64,38.66,49.08
1780,47,0.77,486,23.28,8.07,9.63,19.82
1781,13,4.68,193,10.45,13.02,46.96,77.58
1782,7,2.8,261,29.43,13.04,48.35,47.79
1783,10,2.07,368,28.61,7.7,47.62,73.9
1784,20,3.83,430,19.51,7.4,42.92,30.49
1785,11,2.84,273,22.81,14.78,17.11,52.35
1786,41,0.97,379,11.26,11.15,46.0,20.7
1787,38,1.36,274,25.02,11.11,43.4,78.86
1788,44,0.8,473,16.05,12.3,16.97,75.81
1789,4,4.79,324,10.67,8.31,39.71,50.44
1790,17,1.76,356,21.39,13.25,21.18,31.25
1791,23,4.6,293,18.73,8.04,30.97,77.9
1792,21,1.52,90,27.44,14.03,46.35,30.35
1793,17,4.81,272,27.83,11.85,34.73,76.22
1794,44,4.38,312,18.83,6.36,32.65,89.36
1795,29,3.18,471,17.07,11.75,49.97,45.95
1796,3,4.16,313,23.25,6.2,7.7,35.98
1797,1,2.83,232,27.71,7.49,28.9,23.33
1798,17,2.34,316,11.83,10.39,25.75,41.21
1799,7,2.0,464,16.8,14.49,43.42,32.39
1800,36,1.21,405,27.08,11.76,8.85,78.4
1801,20,4.19,400,29.56,14.38,14.12,73.0
1802,7,3.68,463,18.29,9.56,42.14,32.72
1803,2,3.56,168,22.26,13.26,44.07,52.53
1804,8,1.46,329,14.6,7.63,15.69,81.53
1805,41,1.91,368,14.44,8.9,27.74,30.44
1806,31,0.99,15,15.8,10.8,8.07,26.33
1807,18,2.04,467,16.36,8.4,42.34,50.25
1808,22,3.07,267,28.81,11.61,11.24,20.07
1809,31,3.06,53,22.94,9.9,12.45,52.39
1810,15,1.14,216,13.16,6.94,24.52,13.94
1811,5,1.39,176,27.16,12.95,47.52,28.78
1812,44,1.86,164,16.21,10.6,49.73,81.39
1813,5,1.3,281,16.63,7.16,33.6,28.21
1814,41,2.9,157,13.32,14.58,20.01,56.36
1815,25,2.96,143,25.62,5.09,45.86,59.99
1816,27,4.43,227,12.14,7.78,14.37,58.06
1817,38,1.89,48,16.77,13.6,44.75,42.33
1818,35,4.84,303,27.09,7.42,29.7,60.22
1819,32,4.7,309,12.72,8.74,5.33,77.31
1820,13,4.6,65,26.08,11.32,40.63,47.54
1821,24,1.75,121,15.1,5.43,49.9,17.67
1822,23,0.85,19,18.57,10.32,11.18,44.55
1823,45,1.59,453,22.34,14.56,5.66,46.51
1824,14,1.33,437,26.24,9.5,7.31,61.01
1825,30,3.18,377,11.65,5.89,42.26,61.17
1826,32,4.03,165,11.48,7.62,17.63,69.33
1827,33,1.16,366,21.57,7.42,12.19,35.46
1828,2,4.91,446,11.71,12.39,47.46,47.37
1829,40,1.83,399,14.49,13.66,41.16,67.61
1830,34,4.65,106,24.76,7.91,37.61,11.61
1831,3,4.49,139,19.99,6.51,5.51,35.8
1832,37,1.28,392,25.81,6.9,32.31,10.25
1833,20,4.83,45,22.43,5.57,39.56,70.43
1834,27,1.16,124,29.86,8.75,35.45,19.32
1835,6,1.25,182,22.13,13.88,43.46,28.35
1836,40,0.52,47,27.61,13.59,38.02,64.61
1837,49,1.81,473,24.88,8.14,41.9,49.25
1838,13,4.72,29,24.43,12.39,25.71,11.49
1839,19,4.39,140,15.05,6.97,17.33,43.39
1840,32,3.64,111,24.86,6.63,9.0,11.26
1841,40,4.31,201,16.21,9.78,32.51,57.99
1842,36,4.57,238,15.83,8.7,19.93,22.88
1843,8,2.58,469,25.62,14.6,49.24,81.07
1844,42,4.5,124,23.61,9.3,11.78,77.59
1845,37,0.72,185,29.28,10.53,46.95,28.58
1846,42,4.32,398,21.77,12.0,5.52,62.61
1847,15,3.38,129,23.77,9.6,11.17,18.21
1848,42,1.08,368,23.25,13.04,34.79,56.19
1849,14,1.18,376,11.31,5.1,41.01,39.15
1850,18,3.24,396,29.71,7.56,24.49,87.04
1851,25,3.85,276,16.66,12.84,5.19,46.04
1852,34,3.03,11,23.02,5.38,19.13,57.66
1853,18,1.27,67,21.97,6.71,7.09,31.32
1854,8,3.98,410,12.67,14.92,7.51,12.75
1855,40,1.37,287,20.39,12.75,38.14,39.82
1856,30,0.51,55,12.64,9.23,24.22,72.97
1857,44,1.4,13,24.7,7.59,35.8,63.89
1858,12,0.84,147,22.83,5.17,8.7,33.68
1859,49,3.39,488,12.3,8.24,47.78,26.62
1860,45,2.4,430,29.56,8.86,33.79,54.91
1861,45,1.41,332,12.25,12.86,11.95,73.42
1862,34,3.42,427,27.65,9.59,23.69,59.65
1863,32,1.84,247,25.73,14.15,36.67,42.05
1864,6,2.93,380,10.15,5.15,37.86,45.26
1865,21,2.41,394,10.2,12.58,49.71,27.58
1866,44,1.82,169,13.79,12.78,44.36,60.91
1867,39,4.56,222,29.92,12.81,10.33,54.9
1868,28,2.12,477,27.58,8.53,34.46,81.01
1869,13,1.41,213,19.69,12.19,36.1,64.77
1870,27,4.1,352,22.15,12.73,28.43,75.34
1871,29,3.79,121,13.68,14.75,35.12,83.79
1872,49,3.36,40,22.31,11.6,17.35,73.08
1873,4,3.83,300,18.97,9.26,15.28,82.39
1874,38,0.72,498,21.91,14.17,15.57,42.26
1875,30,3.75,79,17.77,11.14,9.96,57.29
1876,35,3.56,492,27.91,13.2,6.49,32.26
1877,47,3.25,124,21.36,11.08,37.11,12.57
1878,38,4.14,179,20.64,5.07,24.45,26.99
1879,39,0.89,132,15.5,11.51,12.78,59.33
1880,19,4.53,42,21.95,14.2,20.19,88.31
1881,5,3.56,484,26.47,6.69,10.29,36.35
1882,30,4.42,131,22.31,10.27,43.07,23.7
1883,22,3.18,63,16.94,13.97,17.2,22.54
1884,32,2.86,396,11.3,7.57,34.46,17.88
1885,46,4.05,289,20.82,5.61,16.8,33.84
1886,8,4.57,410,16.52,10.58,24.05,17.26
1887,9,2.77,419,19.54,7.57,41.22,67.17
1888,46,3.43,200,23.36,13.18,25.75,13.02
1889,33,4.39,395,12.5,5.46,13.28,68.07
1890,28,3.49,420,25.72,10.02,20.92,86.04
1891,21,0.82,310,12.6,12.06,21.2,38.16
1892,17,0.95,22,18.07,6.94,19.35,84.48
1893,13,3.73,150,20.12,12.74,18.0,73.48
1894,43,3.42,471,10.27,11.69,33.57,88.61
1895,13,1.83,462,24.0,11.67,6.1,43.2
1896,12,1.78,405,23.18,7.99,45.81,68.37
1897,35,2.54,193,26.18,11.53,6.01,82.7
1898,41,4.47,65,16.53,5.14,19.99,78.97
1899,20,1.92,93,22.73,5.08,36.94,50.63
1900,18,3.2,315,12.37,13.17,44.04,54.7
1901,4,3.47,340,13.63,7.22,21.12,25.83
1902,14,1.05,376,26.44,5.22,44.81,30.74
1903,10,4.16,366,15.91,6.0,32.36,46.15
1904,3,4.55,105,27.21,10.74,23.46,45.71
1905,32,2.13,164,28.54,13.06,16.89,49.14
1906,49,0.81,119,14.61,12.02,47.5,25.12
1907,22,2.68,177,22.05,10.53,33.62,43.09
1908,42,2.14,174,29.29,12.25,31.29,80.83
1909,37,0.76,443,24.33,12.46,13.51,54.65
1910,9,2.55,65,27.26,6.28,28.2,40.52
1911,1,2.74,223,11.61,11.57,20.06,62.02
1912,45,2.89,206,11.33,12.32,21.44,16.3
1913,27,4.91,208,27.19,9.86,47.68,66.64
1914,34,4.87,105,29.94,11.2,6.61,69.18
1915,49,2.07,147,22.83,9.41,40.7,63.14
1916,49,4.51,345,16.81,6.04,45.07,60.17
1917,13,4.54,80,18.66,9.35,22.37,64.12
1918,4,2.25,318,25.34,13.1,14.07,67.72
1919,28,4.83,383,18.87,12.38,21.58,59.62
1920,11,4.87,300,17.75,11.36,8.86,23.77
1921,23,1.28,221,23.21,13.62,35.07,86.62
1922,2,2.48,408,11.95,9.74,5.31,76.31
1923,28,2.06,47,22.54,11.79,43.4,79.28
1924,46,2.21,197,28.09,11.29,40.89,20.96
1925,2,2.83,442,17.49,7.56,25.94,28.62
1926,38,0.5,121,11.0,6.71,17.08,55.46
1927,18,2.31,209,28.05,9.64,34.07,16.66
1928,10,2.6,296,11.54,14.93,21.83,34.25
1929,33,2.99,233,17.4,8.43,33.41,82.61
1930,47,2.42,224,18.2,11.27,49.33,42.58
1931,41,1.33,492,15.92,13.1,14.98,40.5
1932,17,0.52,201,10.54,11.23,22.54,40.12
1933,17,3.74,403,15.43,9.41,44.0,76.8
1934,20,4.33,300,20.8,13.69,5.1,40.31
1935,18,1.99,130,26.05,6.03,39.44,75.16
1936,30,1.14,164,20.17,10.32,30.29,53.07
1937,43,4.68,458,21.11,7.42,27.49,56.17
1938,36,0.66,42,25.76,14.08,23.47,22.43
1939,41,3.15,274,18.34,7.1,9.54,20.58
1940,6,3.86,351,22.24,14.75,6.01,72.52
1941,41,1.23,212,17.36,8.04,6.34,71.39
1942,30,4.25,224,11.63,10.31,32.2,85.32
1943,22,2.33,458,15.0,13.82,40.82,51.81
1944,1,3.24,397,21.46,8.55,49.71,43.48
1945,23,4.69,21,15.0,8.19,22.67,12.07
1946,25,0.6,129,17.11,11.5,23.14,78.18
1947,10,4.25,150,13.26,9.64,22.42,60.91
1948,32,1.93,341,26.94,6.64,23.29,80.35
1949,8,4.08,455,22.46,9.38,27.14,52.49
1950,5,2.61,272,13.96,12.71,30.36,51.78
1951,38,2.11,229,28.63,7.57,27.77,19.03
1952,40,4.63,376,29.71,13.46,12.31,21.54
1953,20,2.28,50,19.87,6.36,29.81,85.51
1954,2,2.54,250,28.45,13.47,27.63,69.71
1955,21,2.92,385,29.91,13.46,14.14,76.14
1956,43,1.25,385,10.52,11.21,25.07,48.35
1957,24,1.54,161,10.62,14.43,46.98,36.24
1958,47,2.31,49,15.71,7.92,43.77,52.62
1959,34,3.23,421,21.17,13.91,34.92,68.88
1960,24,4.53,171,23.91,10.52,20.53,41.19
1961,27,0.63,28,27.39,14.76,9.91,58.48
1962,48,3.63,461,20.32,9.56,41.49,70.27
1963,40,0.86,127,22.0,14.2,37.19,77.92
1964,47,2.87,84,25.04,12.54,24.86,22.16
1965,13,4.5,301,14.27,14.32,29.64,30.73
1966,8,1.65,266,24.58,7.14,43.75,13.95
1967,8,4.95,149,11.85,7.12,10.72,56.37
1968,30,3.19,301,14.12,10.44,39.25,41.04
1969,12,2.84,99,24.17,14.68,47.19,58.4
1970,31,3.52,256,28.51,13.77,12.48,46.31
1971,46,1.44,158,12.43,8.89,20.21,30.87
1972,27,0.92,196,11.59,12.67,39.82,25.14
1973,10,1.17,279,24.94,11.97,12.69,76.54
1974,30,1.77,401,19.23,14.9,10.9,81.15
1975,4,2.3,135,23.68,9.21,20.69,65.74
1976,11,4.28,418,23.18,6.42,6.12,16.88
1977,7,2.27,289,12.11,6.35,40.21,68.26
1978,15,4.89,172,16.08,5.29,10.64,23.46
1979,30,4.43,399,11.32,8.33,15.53,32.73
1980,19,4.12,200,27.32,12.5,30.07,81.45
1981,25,4.44,376,11.9,6.69,37.85,14.88
1982,9,0.55,109,12.24,9.1,37.3,58.43
1983,15,2.28,96,20.22,7.55,39.58,61.22
1984,10,2.2,304,12.29,12.27,49.76,38.81
1985,37,4.51,330,12.92,7.47,45.24,24.92
1986,17,4.03,336,16.12,7.96,28.1,33.14
1987,5,1.28,385,19.04,11.77,7.42,44.1
1988,43,1.89,122,13.2,9.18,6.36,27.65
1989,31,2.87,138,25.9,9.35,26.51,53.42
1990,34,4.11,33,21.74,12.65,39.62,48.58
1991,34,3.9,118,21.95,6.82,30.75,12.46
1992,45,3.14,325,16.85,10.1,46.57,25.72
1993,29,2.46,494,18.76,5.86,40.73,28.81
1994,13,1.12,179,25.38,14.85,47.73,81.42
1995,32,3.66,197,17.58,11.99,24.3,28.54
1996,24,1.2,333,26.14,8.37,44.27,31.69
1997,3,1.64,247,17.53,5.72,31.15,86.99
1998,3,0.55,72,25.71,7.17,49.01,14.76
1999,36,2.93,451,15.09,11.67,46.28,33.67
2000,12,0.89,435,20.34,13.67,46.71,11.61
2001,33,2.48,489,13.62,12.11,45.36,33.77
2002,21,2.58,240,20.78,6.98,12.13,23.7
2003,48,3.68,175,27.01,10.02,18.92,24.93
2004,25,1.81,294,24.99,14.47,18.77,49.48
2005,9,4.89,493,17.67,13.5,25.41,26.98
2006,36,3.24,35,13.14,12.26,39.96,61.59
2007,10,0.98,433,21.62,7.96,33.04,34.02
2008,22,3.42,412,21.77,12.58,21.02,17.46
2009,4,1.03,463,19.59,11.61,43.42,76.31
2010,12,2.59,346,13.82,12.4,35.05,26.72
2011,25,2.28,421,10.25,8.29,33.14,37.5
2012,40,0.72,91,11.16,14.31,36.76,17.88
2013,47,4.14,355,27.35,13.48,44.98,24.81
2014,34,3.27,442,22.33,8.32,16.82,26.98
2015,11,0.81,182,22.5,12.76,12.15,62.14
2016,14,2.72,446,25.86,6.48,49.99,18.18
2017,35,2.76,216,25.65,5.25,36.09,80.69
2018,20,1.21,50,24.44,9.33,20.81,43.61
2019,36,1.45,71,25.26,9.48,33.9,51.81
2020,31,2.73,395,18.84,6.48,27.99,20.62
2021,32,1.16,142,28.16,12.03,13.66,82.2
2022,37,3.43,122,18.17,9.6,26.86,35.14
2023,3,3.03,217,24.98,5.08,10.5,10.24
2024,8,4.24,468,10.0,12.06,19.62,54.92
2025,21,3.32,40,11.07,7.68,13.07,14.12
2026,40,1.67,468,26.81,5.66,46.02,27.66
2027,21,4.72,358,19.73,9.91,23.44,48.3
2028,2,1.33,290,24.74,14.08,32.94,21.83
2029,11,2.24,328,16.87,6.88,23.36,64.42
2030,4,0.54,285,16.37,13.02,37.35,55.1
2031,19,2.79,376,29.22,6.26,10.74,27.2
2032,32,1.03,444,12.87,10.81,9.41,17.62
2033,18,3.8,28,29.45,9.83,35.98,35.26
2034,20,4.05,303,12.57,5.38,44.26,69.17
2035,28,1.14,374,18.62,12.13,37.77,29.56
2036,8,1.06,241,14.14,13.23,28.42,24.0
2037,48,3.51,216,14.68,14.1,8.23,52.96
2038,21,3.68,22,14.23,10.87,13.96,21.21
2039,31,3.33,7,17.45,10.36,17.41,54.88
2040,41,3.79,19,27.97,9.54,24.05,13.79
2041,49,1.09,363,18.31,10.72,34.84,27.45
2042,18,2.67,488,12.68,13.49,40.14,68.25
2043,44,1.54,91,22.77,11.84,29.85,77.59
2044,4,1.72,486,28.85,10.02,47.65,76.99
2045,2,4.04,427,26.36,6.12,43.43,51.64
2046,30,3.85,52,21.62,8.39,26.99,45.75
2047,12,3.58,126,24.38,5.72,9.42,32.75
2048,12,3.86,152,23.54,5.15,41.75,11.95
2049,31,2.32,408,18.83,13.23,42.28,24.01
2050,28,1.62,154,17.55,10.0,21.02,67.97
2051,23,0.63,270,28.11,13.43,19.1,80.08
2052,13,1.64,203,29.55,11.24,38.72,42.99
2053,9,2.26,246,25.33,13.14,31.98,48.65
2054,25,4.58,492,27.22,9.91,41.61,49.05
2055,22,4.79,364,18.4,12.93,15.29,72.95
2056,37,2.07,167,28.74,12.25,45.09,77.29
2057,21,2.44,103,22.93,5.07,19.1,54.7
2058,45,4.83,299,16.44,10.94,45.46,55.63
2059,37,3.61,221,21.06,8.33,26.79,55.02
2060,10,0.64,154,10.04,5.69,44.08,51.06
2061,23,3.76,281,16.15,11.13,37.13,42.76
2062,43,2.62,494,16.54,5.43,14.7,43.72
2063,10,1.95,272,26.6,13.52,31.48,12.03
2064,20,0.63,387,28.58,11.46,43.74,89.82
2065,17,1.49,55,18.33,14.06,6.35,52.79
2066,22,4.94,425,10.31,7.49,12.21,30.33
2067,29,4.64,460,10.32,11.05,35.02,68.55
2068,26,1.26,299,12.26,6.6,13.3,48.55
2069,14,4.26,169,25.85,10.38,17.85,48.93
2070,45,2.33,158,13.9,10.87,46.93,49.57
2071,6,1.68,449,22.25,7.35,25.32,64.84
2072,4,4.42,356,14.78,9.37,39.81,29.12
2073,49,3.14,69,24.17,10.99,40.24,85.8
2074,13,2.05,319,18.91,11.96,6.19,17.17
2075,47,1.85,121,15.67,9.09,49.86,75.45
2076,24,2.67,207,17.99,7.25,23.66,21.75
2077,5,3.28,121,28.67,14.0,23.9,10.93
2078,17,3.28,67,23.0,14.18,30.43,17.57
2079,43,2.2,116,16.98,7.36,48.61,87.58
2080,34,1.32,211,10.55,5.59,14.43,58.33
2081,29,1.69,200,24.23,8.79,23.71,42.6
2082,30,4.34,457,24.87,7.24,14.62,73.95
2083,23,0.86,254,26.97,5.58,43.17,16.81
2084,42,4.46,323,20.83,13.5,11.88,63.92
2085,21,1.45,248,17.03,9.9,19.1,81.74
2086,31,0.58,64,11.3,11.89,46.57,62.2
2087,24,4.71,134,18.55,7.03,31.18,34.68
2088,16,2.58,499,20.3,13.09,21.99,82.09
2089,7,1.27,396,27.05,9.18,19.63,73.7
2090,22,1.67,30,23.24,10.65,49.62,34.05
2091,17,3.43,164,20.41,9.82,31.22,37.71
2092,36,1.42,152,11.42,5.22,17.62,32.65
2093,24,2.93,116,17.54,6.55,12.17,33.2
2094,21,2.92,407,21.44,14.74,20.65,84.45
2095,13,1.86,71,10.16,6.98,38.73,52.09
2096,18,3.25,435,11.33,5.16,5.89,25.13
2097,23,1.12,94,24.23,9.32,13.95,11.6
2098,6,3.63,181,10.48,12.56,42.52,69.74
2099,31,4.63,141,14.24,8.08,31.0,61.35
2100,45,1.09,212,19.08,12.93,30.44,42.32
2101,29,2.97,75,19.79,8.98,12.59,47.35
2102,16,4.22,435,29.36,5.57,44.25,15.75
2103,14,1.35,172,12.12,7.76,29.22,89.96
2104,26,0.58,479,26.6,8.24,34.71,60.79
2105,48,4.33,185,22.19,10.09,25.03,69.73
2106,31,2.71,85,20.68,11.22,18.85,73.53
2107,43,2.0,147,14.71,11.26,45.55,46.95
2108,9,0.55,102,22.86,14.67,40.15,46.98
2109,11,4.16,443,13.98,13.93,49.3,44.73
2110,32,1.48,268,26.63,9.91,42.76,21.78
2111,15,2.1,159,24.49,9.33,44.24,36.22
2112,20,4.73,403,11.76,13.21,14.51,62.15
2113,45,2.85,305,19.39,14.86,22.51,52.09
2114,44,2.46,184,10.16,6.78,31.91,47.69
2115,20,3.84,12,15.13,9.09,7.68,75.5
2116,21,0.53,290,14.88,7.17,29.75,74.17
2117,31,1.78,448,23.73,12.76,24.72,68.7
2118,42,3.77,55,27.48,12.35,10.37,25.15
2119,15,2.53,240,25.35,7.47,7.17,52.15
2120,45,4.02,347,25.82,14.42,27.56,32.79
2121,20,0.71,244,26.97,12.8,23.81,21.76
2122,13,0.63,210,19.28,7.51,7.68,14.4
2123,10,4.01,73,25.54,10.98,15.76,39.39
2124,6,2.95,171,23.43,10.46,40.28,42.98
2125,40,3.04,327,19.46,14.97,41.53,63.61
2126,35,2.85,324,22.66,7.05,15.94,37.98
2127,44,3.7,461,25.85,12.8,45.17,69.51
2128,14,2.88,398,23.98,10.08,40.05,17.11
2129,44,2.91,264,23.28,14.06,21.47,45.22
2130,15,3.52,274,11.02,8.22,44.83,70.32
2131,40,1.73,426,28.82,10.21,35.41,17.64
2132,11,2.35,379,18.71,8.85,8.07,13.8
2133,39,2.08,269,10.2,14.43,12.88,31.27
2134,26,0.52,226,22.92,10.88,5.1,79.64
2135,21,1.24,312,23.4,13.41,33.12,53.55
2136,6,4.37,257,21.51,9.22,48.14,16.37
2137,49,1.61,8,25.43,13.65,9.2,43.36
2138,7,1.01,120,23.41,14.66,26.08,70.54
2139,40,2.92,495,11.71,9.6,22.25,62.26
2140,32,4.0,219,10.85,14.72,33.99,24.01
2141,18,1.39,295,15.16,5.15,14.43,66.34
2142,35,2.05,381,21.94,13.35,7.94,70.1
2143,1,1.89,367,16.69,5.16,46.48,28.84
2144,36,2.47,294,29.44,11.77,14.16,70.97
2145,27,2.0,484,27.23,11.77,11.98,63.9
2146,13,2.91,231,11.39,10.14,25.57,85.91
2147,20,4.92,420,20.76,7.92,46.42,73.8
2148,23,3.01,251,11.46,9.43,6.86,61.98
2149,1,0.75,433,21.26,12.79,44.05,77.97
2150,25,1.32,398,24.86,13.45,7.69,58.12
2151,1,2.68,25,28.15,7.17,9.83,24.68
2152,39,4.71,428,22.62,12.7,29.0,74.41
2153,43,3.03,186,29.53,7.45,48.36,16.47
2154,2,4.64,276,22.72,8.84,20.48,87.58
2155,13,3.02,82,16.59,14.16,13.27,86.79
2156,7,4.91,492,26.95,9.27,33.63,86.64
2157,46,4.65,352,29.99,5.11,13.08,35.69
2158,22,1.35,114,29.64,7.43,45.65,52.6
2159,22,4.5,470,20.76,8.56,21.4,27.92
2160,45,2.35,17,24.45,14.17,11.19,59.76
2161,33,2.73,474,10.07,14.38,5.51,46.39
2162,33,3.11,170,15.41,8.73,45.16,14.52
2163,33,1.33,285,24.59,8.65,34.83,79.36
2164,30,3.29,187,14.14,8.07,27.55,59.34
2165,18,0.7,96,25.3,5.09,5.56,65.62
2166,10,2.47,46,26.72,12.36,25.41,27.35
2167,49,2.37,406,29.21,14.34,8.71,11.05
2168,15,4.21,368,23.69,9.93,38.95,14.91
2169,21,3.09,156,24.97,11.99,18.47,39.25
2170,36,2.49,462,11.22,10.38,36.27,24.3
2171,28,1.6,387,24.61,5.03,8.64,71.68
2172,23,1.11,431,25.33,13.79,11.29,43.51
2173,13,3.28,392,23.41,6.48,15.01,81.33
2174,21,3.24,122,16.53,7.62,26.91,39.42
2175,4,2.42,486,27.89,9.86,32.25,51.31
2176,8,0.51,406,27.92,10.55,13.66,13.75
2177,37,0.51,141,22.09,9.5,9.75,41.37
2178,35,1.22,452,12.53,12.39,29.16,18.62
2179,21,0.64,214,15.12,14.49,44.59,36.04
2180,28,1.01,320,16.02,9.28,13.44,71.6
2181,45,4.04,63,25.45,13.59,17.3,65.02
2182,33,2.36,317,24.41,14.34,23.5,76.21
2183,31,2.34,44,21.62,8.1,7.13,65.24
2184,24,2.06,145,29.99,8.93,16.22,81.87
2185,39,4.82,314,20.93,11.44,38.07,55.47
2186,9,2.43,337,20.93,9.26,42.41,40.13
2187,24,2.63,267,26.77,8.26,21.47,41.98
2188,17,3.76,188,12.11,8.59,47.18,51.8
2189,1,0.86,325,25.19,8.71,9.62,54.36
2190,27,3.09,339,13.67,14.2,14.27,10.68
2191,19,2.2,344,27.05,14.05,20.4,36.85
2192,6,2.26,81,11.35,10.11,30.37,10.49
2193,43,1.76,486,12.56,6.94,47.86,34.41
2194,19,0.8,61,24.13,13.14,11.08,24.25
2195,29,4.06,420,29.62,5.74,41.37,57.13
2196,27,4.54,481,11.14,11.68,46.63,44.96
2197,30,2.11,371,12.88,5.28,29.31,55.01
2198,23,4.78,101,12.77,9.12,14.68,38.28
2199,37,1.25,451,15.86,6.63,49.72,39.31
2200,29,3.77,167,10.29,5.09,5.77,50.81
2201,14,0.84,85,24.84,6.78,30.57,85.64
2202,18,3.05,252,28.22,11.21,26.63,66.13
2203,31,1.82,301,25.89,7.41,31.85,22.51
2204,49,0.9,179,27.55,7.83,14.94,59.92
2205,43,0.9,178,26.3,9.29,16.45,28.92
2206,34,4.97,172,19.9,9.3,42.54,88.28
2207,17,4.56,319,24.71,11.63,43.91,65.82
2208,20,4.21,164,15.94,7.94,9.75,32.4
2209,28,3.97,480,19.19,6.67,31.53,36.33
2210,26,2.26,258,22.06,8.57,34.08,73.19
2211,23,4.34,150,17.28,11.03,42.5,40.35
2212,22,0.72,240,14.95,13.64,42.53,88.05
2213,22,2.83,218,10.72,14.17,44.09,54.26
2214,42,4.12,400,20.37,12.79,11.4,60.54
2215,13,1.15,380,18.21,8.76,11.08,71.91
2216,30,4.89,224,25.94,14.45,21.83,48.72
2217,21,1.02,178,10.44,7.84,24.79,40.83
2218,29,0.59,44,11.01,12.63,20.21,17.77
2219,9,1.04,143,24.46,11.42,26.96,37.43
2220,6,0.59,373,19.6,14.59,48.95,74.26
2221,46,1.89,26,28.71,8.01,30.81,27.15
2222,4,0.68,139,19.18,12.09,22.61,31.44
2223,29,4.07,468,10.71,8.42,35.12,82.57
2224,5,2.65,30,19.3,6.46,27.48,77.35
2225,39,1.98,171,13.53,8.56,13.19,85.6
2226,11,1.16,437,27.39,6.36,14.35,21.55
2227,3,4.94,189,25.03,5.01,35.22,85.5
2228,40,0.7,178,18.88,10.56,23.11,81.99
2229,4,1.1,234,11.81,10.69,47.46,24.8
2230,29,0.79,481,23.23,5.25,32.6,65.07
2231,39,1.38,191,12.56,9.63,39.8,50.61
2232,30,4.3,141,11.11,11.64,47.29,13.83
2233,41,1.72,454,12.83,8.54,32.76,17.4
2234,29,3.38,140,12.94,10.44,7.81,23.48
2235,26,2.64,321,18.63,10.57,16.24,57.88
2236,18,3.71,217,10.67,5.31,45.34,81.27
2237,6,1.87,263,25.77,5.83,33.03,83.28
2238,36,1.66,304,15.93,10.52,40.87,42.99
2239,15,4.26,342,25.97,12.27,9.98,78.55
2240,40,1.06,267,24.59,5.23,32.6,74.37
2241,19,0.65,20,15.21,13.8,29.51,82.14
2242,19,2.24,109,17.83,10.66,41.06,49.65
2243,45,1.53,352,14.16,12.81,30.06,87.82
2244,41,3.97,6,11.92,11.06,29.4,58.13
2245,10,1.7,377,21.59,11.01,28.05,50.33
2246,23,4.25,173,11.92,6.4,24.31,29.1
2247,39,1.62,114,17.27,9.63,27.65,48.25
2248,6,2.72,358,28.07,13.27,18.21,43.36
2249,28,1.73,460,19.21,10.57,48.46,27.2
2250,35,4.61,407,17.47,8.08,10.86,81.59
2251,40,4.84,322,16.01,11.66,37.13,29.57
2252,33,2.9,210,22.38,10.13,15.73,13.08
2253,26,2.85,24,27.25,12.21,46.77,38.49
2254,25,2.6,74,20.25,12.13,41.47,14.89
2255,32,2.06,389,27.45,9.89,12.0,51.75
2256,14,4.86,123,27.38,7.61,7.98,52.87
2257,33,1.98,241,20.04,11.6,23.88,15.1
2258,40,1.99,189,18.8,9.13,25.58,23.38
2259,21,4.48,93,23.84,13.81,34.43,81.66
2260,19,4.28,296,14.57,8.37,18.92,89.84
2261,44,4.24,253,26.9,14.73,42.35,64.68
2262,29,3.53,494,28.42,9.99,26.68,84.64
2263,17,1.53,361,12.76,12.56,17.49,30.13
2264,16,4.09,100,27.76,9.0,39.0,62.68
2265,30,2.93,222,13.57,12.51,49.87,17.0
2266,41,2.13,331,11.01,7.58,37.16,67.67
2267,4,0.99,420,12.65,11.66,48.54,28.4
2268,32,1.85,36,24.9,6.09,29.35,77.92
2269,33,3.0,449,10.97,12.17,12.34,85.88
2270,36,0.9,472,11.66,12.8,19.71,61.48
2271,16,3.6,469,21.02,5.73,25.57,89.94
2272,3,0.7,163,15.79,9.14,17.95,75.62
2273,42,4.68,467,11.41,10.32,20.88,78.37
2274,19,0.59,430,10.23,14.26,46.78,66.98
2275,9,4.62,483,17.53,7.35,45.84,89.56
2276,44,2.82,36,11.5,7.98,26.56,53.16
2277,3,2.45,284,18.39,6.74,23.39,88.87
2278,33,1.7,302,26.8,9.96,14.38,15.69
2279,42,4.93,236,29.58,6.86,40.17,61.68
2280,19,3.02,87,27.05,9.2,7.81,26.99
2281,36,3.02,382,12.05,13.79,23.82,59.18
2282,34,4.55,241,15.42,14.4,23.59,30.33
2283,35,4.55,272,12.86,14.49,41.98,43.31
2284,11,3.36,204,28.01,12.8,30.66,54.77
2285,39,3.48,106,16.65,13.69,12.11,85.53
2286,18,4.74,50,16.4,10.43,43.23,20.56
2287,17,3.16,282,26.73,9.75,17.45,12.81
2288,42,3.03,471,29.69,11.56,38.86,59.42
2289,2,3.46,52,19.98,9.79,14.44,60.61
2290,49,3.48,292,24.26,13.53,11.78,87.46
2291,39,3.35,421,15.91,12.22,24.92,36.93
2292,6,3.46,27,13.34,13.57,28.39,25.99
2293,29,2.74,42,11.84,7.19,9.8,79.24
2294,23,0.92,425,26.64,5.36,26.32,70.5
2295,43,3.8,94,21.1,9.35,19.68,76.28
2296,25,2.77,404,25.0,13.75,31.6,16.94
2297,37,2.1,399,24.77,13.43,39.87,86.2
2298,7,3.78,292,26.61,13.35,36.77,21.13
2299,16,3.73,411,21.03,10.06,7.71,82.45
2300,3,0.55,491,29.36,6.55,5.16,35.77
2301,23,1.81,124,27.1,11.96,45.28,35.17
2302,25,0.66,486,12.47,12.95,12.0,81.11
2303,33,4.78,319,17.92,14.9,9.49,62.48
2304,38,0.79,295,21.26,7.37,17.14,29.78
2305,29,4.53,43,11.58,14.98,33.38,73.5
2306,20,3.05,134,25.36,10.27,23.79,20.43
2307,25,1.0,466,23.02,11.99,28.16,64.96
2308,39,3.88,332,24.63,7.68,43.48,13.82
2309,16,0.81,199,25.38,13.57,39.36,87.05
2310,8,3.16,397,20.81,7.3,26.46,61.57
2311,14,0.75,7,10.13,8.37,38.32,52.21
2312,3,3.34,323,24.76,6.79,31.7,89.0
2313,42,4.26,35,27.99,11.06,5.86,48.77
2314,3,0.93,242,26.79,14.87,21.75,77.02
2315,20,1.96,452,14.43,7.92,10.97,51.54
2316,5,1.1,226,25.44,13.28,27.01,26.93
2317,15,3.72,308,24.75,9.5,8.08,34.9
2318,32,2.11,30,23.15,5.8,41.75,81.96
2319,20,1.28,212,20.19,11.8,11.83,18.17
2320,4,1.54,490,10.51,5.84,12.42,24.03
2321,9,1.12,100,22.05,14.01,5.03,73.61
2322,12,3.53,409,17.22,6.59,26.42,29.8
2323,45,3.67,484,20.27,7.37,24.11,61.96
2324,15,4.3,136,26.0,12.69,46.23,38.85
2325,47,3.8,126,29.37,9.83,15.79,38.99
2326,33,1.22,406,18.96,9.39,33.49,14.31
2327,14,3.15,158,18.49,5.84,12.74,65.73
2328,16,3.92,33,19.24,14.03,40.47,87.02
2329,35,1.22,450,16.6,14.73,26.99,21.02
2330,19,3.11,130,10.38,13.95,18.59,48.57
2331,28,1.1,410,21.53,8.91,38.51,84.17
2332,46,1.47,237,25.59,7.23,47.16,69.38
2333,45,1.14,362,22.21,8.45,13.04,44.14
2334,32,1.59,155,25.48,6.49,27.67,62.42
2335,7,2.0,468,24.57,5.54,46.59,81.88
2336,26,2.37,152,10.41,7.44,33.98,73.43
2337,42,2.18,333,14.67,6.66,10.63,42.16
2338,48,0.98,239,12.03,11.4,19.14,49.77
2339,8,2.46,36,27.55,7.08,41.08,14.5
2340,16,1.94,423,18.53,5.2,39.02,55.13
2341,22,4.53,435,14.1,8.71,5.08,45.37
2342,16,4.21,213,17.27,13.88,39.34,37.21
2343,18,4.01,497,15.2,8.76,44.62,67.49
2344,47,4.58,167,21.73,12.7,25.65,10.36
2345,3,3.06,147,13.34,14.78,32.79,65.49
2346,14,2.19,38,20.46,8.72,24.77,68.67
2347,26,2.8,421,14.92,9.15,5.83,84.59
2348,43,1.1,23,11.93,14.33,16.12,53.42
2349,20,4.3,73,12.4,14.22,38.27,21.16
2350,5,4.72,174,13.3,8.57,32.03,19.97
2351,24,2.72,81,16.3,5.73,49.74,12.4
2352,42,2.81,318,19.75,13.82,34.15,82.9
2353,17,1.93,218,29.61,6.87,29.13,22.85
2354,48,1.47,127,19.86,9.05,19.46,39.14
2355,47,2.73,392,23.86,12.06,48.17,20.03
2356,35,1.63,332,26.0,12.38,48.45,27.09
2357,44,1.47,273,28.49,5.82,18.75,24.24
2358,33,3.19,116,22.75,12.2,43.95,27.54
2359,25,3.41,142,15.07,6.96,11.67,21.54
2360,44,2.94,216,18.64,8.68,14.07,59.4
2361,42,1.75,318,12.26,12.29,45.49,68.1
2362,37,3.62,148,23.67,12.17,42.35,40.09
2363,24,2.34,250,26.61,9.11,49.44,12.21
2364,3,4.27,75,14.87,10.3,48.17,88.9
2365,12,3.44,86,15.7,14.13,31.11,48.67
2366,47,3.98,328,10.28,6.17,14.86,11.16
2367,34,3.27,109,28.05,13.75,27.14,82.06
2368,40,1.52,303,28.14,9.93,16.64,56.45
2369,49,2.95,356,29.22,9.7,9.52,32.61
2370,18,4.25,18,13.11,10.06,28.97,20.24
2371,11,0.73,424,23.06,7.64,35.89,49.05
2372,26,3.44,243,17.82,11.0,20.06,75.63
2373,32,4.71,278,15.71,12.39,42.07,84.46
2374,31,4.96,220,14.62,6.1,34.81,11.9
2375,4,3.13,243,19.44,10.9,27.15,39.4
2376,47,3.17,328,24.65,7.93,24.49,21.77
2377,30,1.5,335,15.34,14.9,24.26,22.87
2378,3,1.59,163,21.77,11.38,30.54,19.11
2379,20,4.33,71,13.72,6.01,48.02,31.59
2380,32,3.78,437,23.19,11.73,32.53,20.98
2381,47,3.34,134,12.49,12.09,22.47,16.34
2382,44,1.73,242,12.07,11.94,12.68,52.73
2383,3,4.33,261,16.83,8.82,36.13,37.06
2384,22,4.75,279,29.91,6.32,32.75,37.16
2385,15,1.1,355,24.08,14.83,31.89,31.67
2386,44,2.75,301,17.3,8.65,8.17,13.17
2387,26,2.84,97,29.75,10.86,49.39,30.03
2388,5,4.2,239,14.77,9.52,18.36,13.12
2389,30,4.6,333,13.41,9.85,24.91,63.93
2390,49,2.01,220,24.06,12.78,44.02,13.9
2391,34,1.6,392,15.29,9.1,5.11,16.78
2392,6,2.67,308,29.1,10.03,29.82,87.91
2393,9,4.67,115,27.96,9.94,48.56,68.0
2394,39,4.83,453,28.43,13.77,10.16,21.91
2395,8,0.78,468,22.38,5.17,20.36,63.02
2396,18,1.39,293,14.43,8.91,35.79,39.44
2397,40,4.67,138,16.47,5.94,46.67,78.5
2398,42,4.98,173,27.79,5.9,22.28,59.96
2399,12,1.03,150,28.22,13.83,10.31,41.18
2400,35,1.89,79,10.97,13.14,27.47,10.65
2401,9,4.75,362,20.29,5.39,16.56,76.72
2402,44,4.85,136,21.41,9.16,25.53,79.87
2403,17,2.89,36,25.41,9.39,38.67,75.93
2404,16,3.07,140,27.98,10.28,11.02,55.49
2405,22,0.8,25,15.68,11.83,48.65,85.59
2406,30,1.59,87,24.1,7.21,17.42,64.0
2407,38,4.1,387,28.59,10.54,38.41,76.14
2408,20,4.17,16,27.19,12.96,18.01,15.69
2409,19,4.81,281,29.27,7.24,38.55,75.12
2410,18,1.7,367,28.7,10.66,40.09,64.36
2411,24,1.34,389,13.74,8.06,33.67,46.48
2412,1,1.89,283,14.65,8.56,19.22,21.81
2413,8,4.72,154,15.24,13.66,6.47,46.93
2414,34,0.54,100,13.78,12.92,8.11,88.25
2415,5,1.49,28,17.75,13.36,34.43,41.61
2416,28,1.97,448,13.55,7.63,12.47,57.69
2417,2,1.27,475,29.78,9.12,7.04,62.23
2418,31,2.96,19,19.74,6.29,18.11,22.17
2419,40,1.11,172,26.22,13.63,17.84,70.05
2420,31,3.03,258,26.52,12.03,43.47,10.84
2421,39,4.78,7,29.89,5.02,25.07,45.77
2422,2,4.41,121,25.03,5.31,45.27,23.82
2423,39,2.7,392,29.0,8.74,44.02,29.02
2424,23,3.83,428,24.54,6.52,23.56,50.2
2425,16,4.65,140,29.5,14.85,6.18,40.47
2426,2,2.01,124,15.62,13.1,27.6,40.15
2427,46,4.57,118,20.77,13.01,8.26,29.29
2428,44,4.0,216,20.34,9.48,26.6,39.57
2429,6,3.46,427,26.42,13.39,24.5,42.88
2430,41,1.25,212,22.56,8.4,26.45,61.95
2431,49,2.03,275,17.67,9.79,23.6,14.11
2432,28,3.47,136,22.0,5.85,17.17,61.9
2433,31,4.01,5,22.78,7.85,8.89,41.09
2434,34,3.49,104,10.3,8.8,22.13,60.07
2435,47,3.15,90,26.77,13.11,41.52,42.5
2436,26,0.83,181,13.84,13.12,38.41,73.41
2437,4,4.24,79,28.14,5.94,31.33,64.55
2438,18,4.64,104,29.54,7.21,36.51,47.93
2439,20,4.89,378,14.87,11.14,16.84,74.6
2440,24,1.38,418,14.07,11.74,43.63,25.63
2441,41,0.68,192,13.62,11.1,25.64,36.29
2442,22,3.99,340,11.16,14.21,45.27,14.14
2443,33,4.43,314,21.32,14.54,38.15,39.87
2444,43,2.6,469,23.18,8.33,10.74,13.23
2445,25,2.49,425,25.81,8.25,23.26,71.08
2446,23,1.43,357,11.37,8.38,18.3,68.57
2447,9,4.84,291,23.55,11.13,45.51,33.46
2448,38,4.66,344,25.87,14.13,46.34,54.12
2449,34,4.11,448,15.64,12.38,41.51,64.32
2450,44,0.56,324,17.11,13.38,44.07,86.41
2451,17,1.46,485,23.87,9.7,30.42,80.57
2452,6,3.6,249,29.56,8.94,27.06,86.13
2453,14,1.44,155,28.48,13.78,11.62,45.85
2454,7,2.08,299,15.22,10.3,28.69,79.3
2455,39,1.28,124,22.78,12.86,23.08,66.17
2456,9,0.55,43,20.72,14.15,41.83,13.44
2457,20,4.87,307,22.99,6.09,24.08,37.71
2458,22,1.06,164,26.21,12.45,40.89,39.99
2459,10,3.25,8,14.52,5.8,12.0,43.93
2460,31,1.53,106,28.13,13.66,41.05,22.49
2461,18,1.28,33,29.35,14.3,22.97,53.87
2462,35,2.22,361,18.34,8.02,27.51,13.56
2463,21,2.95,34,17.81,13.19,43.92,10.45
2464,5,4.39,34,12.79,10.51,21.95,12.99
2465,9,3.67,123,23.52,10.13,28.85,50.85
2466,27,1.97,259,27.3,7.93,44.65,42.4
2467,26,4.23,392,18.29,7.9,34.75,86.97
2468,8,1.33,56,28.19,14.73,18.57,29.1
2469,16,2.65,152,17.2,11.26,21.85,85.56
2470,5,2.01,170,21.89,8.01,13.48,65.85
2471,13,4.11,163,22.15,11.64,5.77,58.56
2472,30,1.4,379,27.56,7.73,46.35,35.8
2473,44,0.81,449,29.78,13.7,28.56,46.43
2474,7,3.14,140,22.0,13.8,27.39,11.69
2475,16,4.62,449,21.27,10.33,13.98,52.0
2476,4,3.88,159,11.49,7.71,30.51,66.66
2477,25,2.79,87,14.16,9.6,45.22,16.63
2478,34,4.26,17,22.22,8.69,36.43,36.41
2479,29,4.38,373,17.16,9.26,48.94,76.07
2480,42,2.48,455,22.69,12.39,5.6,28.74
2481,45,2.01,297,13.17,5.48,19.83,32.3
2482,27,0.88,85,19.41,5.4,48.51,87.91
2483,49,0.68,465,26.98,5.74,43.82,75.52
2484,48,3.97,183,14.99,14.22,38.08,46.63
2485,32,1.95,102,18.05,7.01,23.24,18.12
2486,41,0.76,51,20.83,10.8,36.56,44.93
2487,11,0.94,206,21.59,6.79,45.0,42.17
2488,12,2.86,69,29.8,9.62,38.48,16.95
2489,49,2.73,110,19.48,6.18,39.85,75.85
2490,16,1.46,7,22.77,7.08,39.48,15.9
2491,46,2.53,144,20.59,5.19,35.13,70.27
2492,32,4.67,87,23.04,8.08,31.0,78.06
2493,13,2.06,381,27.1,11.9,19.89,68.96
2494,15,4.89,466,19.33,5.95,26.28,24.38
2495,41,1.84,196,22.85,12.4,40.01,58.32
2496,4,1.45,118,17.87,14.08,18.18,58.46
2497,9,4.76,234,29.31,7.04,12.19,48.01
2498,45,4.82,239,28.26,8.99,44.21,48.64
2499,4,0.69,283,17.11,9.48,16.8,64.78
2500,28,1.3,6,19.36,13.88,35.02,48.65
